,Compound,Date,Negative,Neutral,Positive,Source Account,Tweet Text,Tweets Ago
0,0.5719,Thu Jun 14 19:32:00 +0000 2018,0.837,0.0,0.163,@BBC,"We're celebrating female voices and achievements across the BBC to mark 100 years since women got the vote. 

Kate‚Ä¶ https://t.co/VbnExFqEI1",1
1,-0.0258,Thu Jun 14 19:03:07 +0000 2018,0.948,0.052,0.0,@BBC,Anne Robinson meets women from across the UK to find out - 100 years on from suffrage - what's still preventing the‚Ä¶ https://t.co/0Vkrm7bFz6,2
2,0.4588,Thu Jun 14 18:00:25 +0000 2018,0.833,0.0,0.167,@BBC,"'I'm glad you're in my life.'

üíï How dementia has brought together a 71-year-old and an 18-year-old. https://t.co/5yTs9XYxEj",3
3,0.2263,Thu Jun 14 16:00:21 +0000 2018,0.863,0.0,0.137,@BBC,"üòÇü¶à  If you haven't seen @AlanDavies1's shark impression, you haven't lived. 
#QI https://t.co/LdUwTLxRps",4
4,-0.2023,Thu Jun 14 15:13:23 +0000 2018,0.699,0.165,0.136,@BBC,üíö Hundreds of people have taken part in a silent procession in honour of the 72 people killed in the Grenfell Tower‚Ä¶ https://t.co/uBVXW3wwgs,5
5,-0.0258,Thu Jun 14 13:10:42 +0000 2018,0.642,0.155,0.203,@BBC,"RT @bbcthree: This is what painful sex feels like. #HearHer 

(you'll want sound on) https://t.co/NyMtT7wFK4",6
6,0.541,Thu Jun 14 13:01:07 +0000 2018,0.845,0.0,0.155,@BBC,"""We gave him some food so hopefully he'll be back"": this fox climbed onto a London roof to sunbathe. ü¶äüòé‚Ä¶ https://t.co/l9mI0SMSbA",7
7,0.3774,Thu Jun 14 12:24:25 +0000 2018,0.681,0.088,0.231,@BBC,üòÇ‚öΩÔ∏è There's no official England #WorldCup song so we're backing our friends at @CBeebiesHQ who want to make this th‚Ä¶ https://t.co/T4RLt9VxUl,8
8,-0.34,Thu Jun 14 12:11:30 +0000 2018,0.902,0.098,0.0,@BBC,"RT @BBCNews: Grenfell Tower, and 12 other London buildings, illuminated green to mark one year since the fire that claimed 72 lives 

A nat‚Ä¶",9
9,0.4753,Thu Jun 14 12:01:05 +0000 2018,0.808,0.0,0.192,@BBC,‚ù§Ô∏èüê∂ From stray dog to downward facing dog.... Amaloh is one lucky pooch! https://t.co/980DE0YdmS,10
10,0.6124,Thu Jun 14 11:00:18 +0000 2018,0.597,0.138,0.264,@BBC,"üòçüêê 'Love is evil ‚Äì it will make you fall in love with a goat.'

12 Russian proverbs to get you through the‚Ä¶ https://t.co/UoHrrXNBIg",11
11,0.0,Thu Jun 14 08:01:02 +0000 2018,1.0,0.0,0.0,@BBC,üìö These Belgian students are revising for exams with monks at a monastery.  https://t.co/JKkUt9hSuA,12
12,0.0,Thu Jun 14 07:27:04 +0000 2018,1.0,0.0,0.0,@BBC,"How our teenage years shape our personality. 
üëâ https://t.co/QJTAN44EEc https://t.co/jnEjheADKI",13
13,0.8074,Thu Jun 14 07:01:03 +0000 2018,0.52,0.0,0.48,@BBC,"Could one 'super bacteria‚Äô help to feed our growing world? 
#BBCTakingTheTemperature https://t.co/ShjZWSewSw",14
14,0.0,Wed Jun 13 19:03:07 +0000 2018,1.0,0.0,0.0,@BBC,"Anatomist @theAliceRoberts embarks on a quest to rebuild her own body from scratch. 

Can Science Make Me Perfect?‚Ä¶ https://t.co/MSu2XCAYqw",15
15,-0.4005,Wed Jun 13 18:28:04 +0000 2018,0.863,0.137,0.0,@BBC,"Discover the story of how Kensington became the most unequal place in Britain. 

Before Grenfell: A Hidden History‚Ä¶ https://t.co/68V4lSl8ee",16
16,0.3612,Wed Jun 13 18:01:04 +0000 2018,0.839,0.0,0.161,@BBC,üòÅ Russian workers being taught how to smile more ahead of the World Cup.  https://t.co/Qv9BoVmX25,17
17,0.6369,Wed Jun 13 16:30:31 +0000 2018,0.819,0.0,0.181,@BBC,"RT @BBCOne: There are some ingredients that even Britain‚Äôs best home cooks can‚Äôt get on board with. #BBHC ü§î

@Chris_Bavin https://t.co/whDV‚Ä¶",18
18,-0.4019,Wed Jun 13 16:25:17 +0000 2018,0.837,0.163,0.0,@BBC,"RT @BBCiPlayer: Witness the might of female factory workers in Dagenham, who fought for equal pay in 1968. üí™ üôåüèæ 
#MadeinDagenham: https://t‚Ä¶",19
19,0.0,Wed Jun 13 16:01:03 +0000 2018,1.0,0.0,0.0,@BBC,'Black people think I have white privilege.' https://t.co/SoNEFZfdZ6,20
20,0.0,Wed Jun 13 12:47:08 +0000 2018,1.0,0.0,0.0,@BBC,RT @bbcarts: Flags by artists including Grayson Perry (@Alan_Measles) and Cornelia Parker have appeared across London's West End as the @ro‚Ä¶,21
21,0.0,Wed Jun 13 12:03:07 +0000 2018,1.0,0.0,0.0,@BBC,‚ö°Ô∏è Meet Hertha Ayrton ‚Äì the woman who shaped how we use electricity. https://t.co/LZnr5wtYNy,22
22,0.0,Wed Jun 13 11:00:15 +0000 2018,1.0,0.0,0.0,@BBC,"Did you know you've had an accent since birth?

üó£ Seven things you need to hear about your voice.
üëâ‚Ä¶ https://t.co/3OGd30hpVQ",23
23,0.128,Wed Jun 13 10:15:53 +0000 2018,0.923,0.0,0.077,@BBC,"A daredevil raccoon in St Paul, Minnesota, has had the internet on tenterhooks after scaling 23 floors of a buildin‚Ä¶ https://t.co/tqjQwFVL3I",24
24,0.0,Wed Jun 13 09:36:59 +0000 2018,1.0,0.0,0.0,@BBC,"üò≤‚ö±Ô∏è An 18th Century Chinese vase, left for decades in a shoebox in France, has sold for 16.2m euros (¬£14.2m).
üëâ‚Ä¶ https://t.co/7atcYClrRw",25
25,0.0,Wed Jun 13 08:00:04 +0000 2018,1.0,0.0,0.0,@BBC,"üê¶üê¶üê¶
Do these photos change your view of pigeons? https://t.co/SQKBEWW3Fs",26
26,-0.4588,Wed Jun 13 07:26:10 +0000 2018,0.857,0.143,0.0,@BBC,"üå±üëÄ Shengshan island in China's eastern Zhejiang province is home to Houtouwan, an abandoned village that has become‚Ä¶ https://t.co/66x0Zg6TOm",27
27,0.5413,Wed Jun 13 07:00:15 +0000 2018,0.811,0.0,0.189,@BBC,"üé∂ SOUND ON üé∂ 
üíô This is the most relaxing way to start your day.
#OurBluePlanet w/ @OceanX https://t.co/powXPfRdat",28
28,0.0,Tue Jun 12 19:01:04 +0000 2018,1.0,0.0,0.0,@BBC,"üñ• The US has debuted the world's fastest supercomputer and it can process 200 petaflops per second.
üëâ‚Ä¶ https://t.co/6vWlmLR2nT",29
29,0.8402,Tue Jun 12 18:07:04 +0000 2018,0.667,0.0,0.333,@BBC,This is the remarkable story of a convent of Mexican nuns helping to save one of the world's most endangered amphib‚Ä¶ https://t.co/onravMF7l2,30
30,0.0,Tue Jun 12 17:01:05 +0000 2018,1.0,0.0,0.0,@BBC,"ü§¢ How long has it been since you last washed your tea towel?

Multi-use of tea towels is putting households at risk‚Ä¶ https://t.co/PHJy8gmVSX",31
31,0.3802,Tue Jun 12 16:00:03 +0000 2018,0.667,0.1,0.233,@BBC,"üá∏üá™üôä Learn how to swear like a Swede! 

(via @BBCRadio4) https://t.co/S789Be360L",32
32,0.6369,Tue Jun 12 15:36:53 +0000 2018,0.794,0.0,0.206,@BBC,RT @bbcwritersroom: Find out how we created 4 brand new #comedy monologues across the UK for the #BiggestWeekend festival and watch all 4 n‚Ä¶,33
33,-0.2263,Tue Jun 12 15:14:54 +0000 2018,0.84,0.16,0.0,@BBC,RT @BBCOne: .@StaceyDooley investigates the changing face of women's protests. https://t.co/1cdtKOdQ50,34
34,-0.0258,Tue Jun 12 15:01:55 +0000 2018,0.561,0.224,0.215,@BBC,"üòÇ Charlie Chaplin: The original distracted boyfriend.
üëâ https://t.co/SplrRVbEzo https://t.co/5pYs0lIMcM",35
35,0.5719,Tue Jun 12 14:38:12 +0000 2018,0.871,0.0,0.129,@BBC,"RT @bbcarts: 100 years after women won the right to vote, and with the #MeToo movement making waves around the world, are we really any clo‚Ä¶",36
36,-0.7096,Tue Jun 12 13:02:04 +0000 2018,0.619,0.275,0.107,@BBC,"The ""Sensational Six"" have been friends for 40 years. After one of the group died from cancer, this photo inspired‚Ä¶ https://t.co/grOw4K4mEA",37
37,0.2003,Tue Jun 12 12:15:37 +0000 2018,0.755,0.104,0.141,@BBC,"RT @BBCR1: How special is this cover?!

@5SOS take on @AliceMerton's 'No Roots' in the Live Lounge üíï https://t.co/EmYc7O524x",38
38,0.5719,Tue Jun 12 12:00:21 +0000 2018,0.73,0.0,0.27,@BBC,üôå Meet the 10-year-old with cerebral palsy who's won a modelling contract. https://t.co/UxQFh12fPX,39
39,-0.2869,Tue Jun 12 11:04:42 +0000 2018,0.734,0.158,0.108,@BBC,"RT @bbcrb: Who doesn't love Gromit?
Even his biggest fans won't have seen him like THIS before! üòÆ‚úàÔ∏è https://t.co/8jvF1G1EeC",40
40,-0.296,Tue Jun 12 11:03:02 +0000 2018,0.891,0.109,0.0,@BBC,"ü•í Use a wooden chopping board 
üçÑ Stop peeling your mushrooms
ü§î Throw your spaghetti at the wall... 

Here are 10 co‚Ä¶ https://t.co/e8RCeFoJvg",41
41,0.0,Tue Jun 12 10:21:42 +0000 2018,1.0,0.0,0.0,@BBC,Captain Mainwaring and his comrades are to feature on a new set of stamps to mark the 50th anniversary of the class‚Ä¶ https://t.co/h8wGtRaGtO,42
42,0.3802,Tue Jun 12 10:10:18 +0000 2018,0.899,0.0,0.101,@BBC,"RT @BBCR1: ‚ú®üí´ Today's the day! üí´‚ú®

Make sure you're listening to @claraamfo to hear @5SOS perform in the Live Lounge at 12pm üëâ https://t.co‚Ä¶",43
43,0.2732,Tue Jun 12 09:34:55 +0000 2018,0.877,0.0,0.123,@BBC,RT @bbcthree: Robert Lee quit his well paid Wall Street job to feed the homeless https://t.co/OHl500fXn1,44
44,0.5994,Tue Jun 12 08:25:43 +0000 2018,0.855,0.0,0.145,@BBC,"RT @bbcgetinspired: History will be made at the #WorldCup 

Here's @LivCookefs to get you in the mood. Could you do these super skills? #Ge‚Ä¶",45
45,0.0,Tue Jun 12 08:00:18 +0000 2018,1.0,0.0,0.0,@BBC,"üîäüê¶ Ever heard a beatboxing starling? 
#Springwatch https://t.co/N758EN4j3s",46
46,0.4019,Tue Jun 12 07:28:06 +0000 2018,0.863,0.0,0.137,@BBC,"üßüüì± A Chinese city has introduced a special pedestrian lane on one of its roads, exclusively for slow-walking smartp‚Ä¶ https://t.co/rBVq8RO5KN",47
47,0.0,Tue Jun 12 07:00:10 +0000 2018,0.722,0.139,0.139,@BBC,This new service uses a smartphone and camera glasses to help blind or partially sighted people. https://t.co/5Ca4REP9xU,48
48,0.0258,Mon Jun 11 18:00:20 +0000 2018,0.922,0.0,0.078,@BBC,"'Everything that happened, could have been prevented. But it wasn't.'
#Grenfell | 8.30pm | @BBCOne https://t.co/WN4aCfoNTA",49
49,0.0498,Mon Jun 11 17:31:06 +0000 2018,0.742,0.105,0.152,@BBC,"Follow top female wrestler Kimberly Benson, aka Viper, as she fights in some of the most important matches of her c‚Ä¶ https://t.co/KE73F2VSI8",50
50,0.5423,Mon Jun 11 16:00:11 +0000 2018,0.696,0.0,0.304,@BBC,"üö∫üòÇ @SandiToksvig can't get a moment of peace. 
#QI https://t.co/D9YlBYFxpp",51
51,0.5423,Mon Jun 11 15:18:53 +0000 2018,0.711,0.075,0.213,@BBC,RT @BBCr4today: The building blocks of life have been found on Mars and @SanjeevGupta45 says it's an exciting prospect üëΩ #r4today https://t‚Ä¶,52
52,0.8908,Mon Jun 11 15:11:47 +0000 2018,0.602,0.0,0.398,@BBC,"RT @bbc5live: ""Be in charge of your own happiness"" üí™

 Inspiring words from champion wrestler @missviper91!

#FightLikeAGirl is on @BBCOne‚Ä¶",53
53,-0.2263,Mon Jun 11 15:03:32 +0000 2018,0.921,0.079,0.0,@BBC,"'My mum had tears coming out of her eyes'. 

‚ù§Ô∏è This Sikh soldier became the first person to wear a turban for the‚Ä¶ https://t.co/op7eX7mW5x",54
54,0.2732,Mon Jun 11 14:25:15 +0000 2018,0.905,0.0,0.095,@BBC,"The UK could see an end to homelessness within 10 years if the government embraces certain policies, according to t‚Ä¶ https://t.co/7aqYA3BaEE",55
55,-0.2023,Mon Jun 11 13:03:03 +0000 2018,0.733,0.151,0.116,@BBC,"Think bacteria are bad? Think again. ü•õü•íüßÄ

These are things you should eat to get a healthy gut. üëâ‚Ä¶ https://t.co/ZS4UEckeoR",56
56,0.6801,Mon Jun 11 12:01:04 +0000 2018,0.663,0.0,0.337,@BBC,‚öΩ What's it like to be the most powerful woman in international sport? https://t.co/MqcaxKtJeH,57
57,0.4588,Mon Jun 11 11:03:13 +0000 2018,0.786,0.0,0.214,@BBC,RT @BBCNews: 'I'm glad I was the first guardsman to wear a turban' https://t.co/fL4yzmOAPU,58
58,0.34,Mon Jun 11 11:03:05 +0000 2018,0.888,0.0,0.112,@BBC,"Is visual learning a myth?  ü§îüìö‚úç

Studies have been unable to find robust evidence to suggest matching teaching to p‚Ä¶ https://t.co/Ltv1kIAf2h",59
59,0.5719,Mon Jun 11 10:12:03 +0000 2018,0.837,0.0,0.163,@BBC,"We're celebrating female voices and achievements across the BBC to mark 100 years since women got the vote.

Here's‚Ä¶ https://t.co/5mfz9HMRb8",60
60,0.6476,Mon Jun 11 08:01:05 +0000 2018,0.602,0.0,0.398,@BBC,üå≠üê∂ Two hundred dachshunds in one place... yes please! https://t.co/2ugZtgmBZ7,61
61,0.0258,Mon Jun 11 07:29:06 +0000 2018,0.948,0.0,0.052,@BBC,"From fallopian tubes to the G-spot, women‚Äôs body parts have been named by ‚Äì and after ‚Äì men. 

Does it matter?
üëâ‚Ä¶ https://t.co/AYYGElSo0U",62
62,0.4404,Mon Jun 11 07:03:07 +0000 2018,0.854,0.0,0.146,@BBC,"üê∫üèîüå≤üéß
Need to relax? 

Sit back, close your eyes and LISTEN to the incredible sounds of Alaska... https://t.co/oxXS1KWHKW",63
63,-0.5719,Sun Jun 10 19:04:08 +0000 2018,0.761,0.239,0.0,@BBC,"As the Poldarks look to rebuild their marriage, Cornwall struggles under Warleggan pressure. 

#Poldark | 9pm |‚Ä¶ https://t.co/yPvJnKdRr9",64
64,0.4588,Sun Jun 10 18:02:27 +0000 2018,0.88,0.0,0.12,@BBC,Can we interest you in a little cockroach milk to go with your cereal? Because this could be the next big food fad.‚Ä¶ https://t.co/Vk8TrTfYQr,65
65,0.0,Sun Jun 10 17:03:05 +0000 2018,1.0,0.0,0.0,@BBC,Emily Davison became a martyr to the suffragette cause after running in front of the king's horse at the Epsom Derb‚Ä¶ https://t.co/ULpY95lcsi,66
66,0.0,Sun Jun 10 16:02:05 +0000 2018,1.0,0.0,0.0,@BBC,Little girls don‚Äôt stay little forever. https://t.co/3yThJBbcUs,67
67,0.6808,Sun Jun 10 15:22:00 +0000 2018,0.804,0.0,0.196,@BBC,"RT @BBCOne: ""We are woman, we have loud voices and lightbulb hearts...
Our bodies are like miracles, we are proud of what we are.""

Celebra‚Ä¶",68
68,0.7003,Sun Jun 10 15:19:47 +0000 2018,0.799,0.0,0.201,@BBC,"RT @BBCOne: Women across the UK are marching together to create a living artwork, to mark 100 years since the first British women won the v‚Ä¶",69
69,-0.5994,Sun Jun 10 15:01:05 +0000 2018,0.755,0.245,0.0,@BBC,"Is feminism actually just a war on men? @RachelParris has some thoughts... üòÇ
#TheMashReport https://t.co/t31I5bFWgn",70
70,0.0,Sun Jun 10 14:38:18 +0000 2018,1.0,0.0,0.0,@BBC,"RT @CBeebiesHQ: Would you consider an alternative to mainstream education? 

@BBCNews #SundayThoughts https://t.co/hwileHwd1K",71
71,0.5719,Sun Jun 10 14:37:55 +0000 2018,0.861,0.0,0.139,@BBC,"RT @BBCOne: We're celebrating female voices and achievements across the BBC to mark 100 years since women got the vote. 

Hands up to Bake‚Ä¶",72
72,0.5719,Sun Jun 10 12:12:42 +0000 2018,0.861,0.0,0.139,@BBC,"RT @bbcarts: 100 years after the Suffragettes won the right to vote, women will gather in the streets of Belfast, Cardiff, Edinburgh and Lo‚Ä¶",73
73,0.0,Sun Jun 10 12:02:04 +0000 2018,1.0,0.0,0.0,@BBC,"Kirsty Young presents live coverage of the processions across London, Edinburgh, Cardiff and Belfast to mark the ce‚Ä¶ https://t.co/MMZLWLI5uG",74
74,0.0,Sun Jun 10 10:58:07 +0000 2018,1.0,0.0,0.0,@BBC,Can you believe these wonders are beneath UK waters? https://t.co/BJ3SEEIjDN,75
75,-0.3818,Sun Jun 10 10:28:00 +0000 2018,0.88,0.12,0.0,@BBC,"In 1913, Emily Wilding Davison made the ultimate sacrifice in the fight for women's right to vote.
#HearHer #Vote100 https://t.co/qr7UAIPtGr",76
76,0.5719,Sun Jun 10 10:11:08 +0000 2018,0.861,0.0,0.139,@BBC,RT @BBCTwo: We're celebrating female voices and achievements across the BBC to mark 100 years since women got the vote. So here's to Polly‚Ä¶,77
77,-0.4588,Sun Jun 10 10:01:05 +0000 2018,0.625,0.227,0.148,@BBC,"Learning to embrace that sinking, nagging feeling we get when we realise we have made the wrong choice. 
üëâ‚Ä¶ https://t.co/HlxIqK5SHb",78
78,0.0,Sun Jun 10 09:01:05 +0000 2018,1.0,0.0,0.0,@BBC,How the suffragettes woke us up. https://t.co/WrXoMnNNIZ,79
79,0.0,Sun Jun 10 08:01:04 +0000 2018,1.0,0.0,0.0,@BBC,"‚ù§Ô∏è The moment actor Maisie Sly, who's deaf, finds out she's going to meet the Queen!  https://t.co/0D0gJq0rgE",80
80,0.9134,Sun Jun 10 07:03:02 +0000 2018,0.491,0.067,0.442,@BBC,"This elderly man was struggling slowly across a busy road in China - but luckily, help was at hand! https://t.co/xfCtAOkL6F",81
81,0.0,Sat Jun 09 20:04:00 +0000 2018,1.0,0.0,0.0,@BBC,"Would you describe yourself as a feminist?
#HearHer https://t.co/RZh8XfEria",82
82,0.3612,Sat Jun 09 19:02:05 +0000 2018,0.878,0.0,0.122,@BBC,"What is it like being Germaine Greer? This observational documentary spends time with her and finds out.

Germaine‚Ä¶ https://t.co/YauZn2kit4",83
83,0.0,Sat Jun 09 18:04:03 +0000 2018,1.0,0.0,0.0,@BBC,"The cast of @QueerEye brought a bag of goodies along to @BBCR1's #BiggestWeekend üòçüéÅ

Here's what @tanfrance,‚Ä¶ https://t.co/c82OxTDXfI",84
84,0.5719,Sat Jun 09 17:01:05 +0000 2018,0.829,0.0,0.171,@BBC,"One hundred years after some women won the right to vote, @ScarlettMoffatt tells the story of the suffragettes. https://t.co/B8gr3KbzkJ",85
85,0.4019,Sat Jun 09 16:04:03 +0000 2018,0.623,0.156,0.222,@BBC,"A year on from the Grenfell Tower fire, Sean and his charity have been supporting children affected by the tragedy,‚Ä¶ https://t.co/GXtypl36BW",86
86,-0.7783,Sat Jun 09 15:02:02 +0000 2018,0.673,0.327,0.0,@BBC,One shocking day of sexual violence from the police altered the suffragettes' political strategy forever.‚Ä¶ https://t.co/O1pfqAhXLa,87
87,0.7717,Sat Jun 09 14:04:02 +0000 2018,0.472,0.0,0.528,@BBC,‚ù§Ô∏èÔ∏è This is what love looks like. https://t.co/Qle1eoBU5x,88
88,0.0,Sat Jun 09 13:24:03 +0000 2018,1.0,0.0,0.0,@BBC,"üòÜ @ChanningTatum and @UsainBolt have all the moves.  
#TheGNShow https://t.co/ry6TVJ6b6P",89
89,0.0,Sat Jun 09 13:03:06 +0000 2018,1.0,0.0,0.0,@BBC,"Fifty nations are now taking action to reduce plastic pollution, according to the biggest report so far from the‚Ä¶ https://t.co/cz3KvhuKb4",90
90,0.0,Sat Jun 09 12:23:25 +0000 2018,1.0,0.0,0.0,@BBC,RT @BBCNews: The Royal family watch the RAF flypast from Buckingham Palace. 23 aircraft are taking part to mark the Queen's official birthd‚Ä¶,91
91,0.8986,Sat Jun 09 12:03:00 +0000 2018,0.423,0.0,0.577,@BBC,Your friend that likes gin will LOVE this. #TopOfTheShop üòç #WorldGinDay https://t.co/0y9sqjluRF,92
92,0.0,Sat Jun 09 11:10:52 +0000 2018,1.0,0.0,0.0,@BBC,RT @BBCNews: The Trooping the Colour parade which marks the Queen's official birthday is underway in London. The Queen and Duke and Duchess‚Ä¶,93
93,-0.8402,Sat Jun 09 11:04:08 +0000 2018,0.667,0.333,0.0,@BBC,"üòÇ Fashion sense v common sense: the battle rages on.

Is the 'fanny pack shoe' an ugly fashion step too far?
üëâ‚Ä¶ https://t.co/WJ11O2gJxE",94
94,0.0,Sat Jun 09 10:10:06 +0000 2018,1.0,0.0,0.0,@BBC,"As football fans across the globe look forward to #Russia2018, @mrdanwalker looks back at England's World Cup-winni‚Ä¶ https://t.co/3w7JJV7JwI",95
95,-0.6808,Sat Jun 09 10:09:40 +0000 2018,0.73,0.219,0.051,@BBC,"RT @bbcstories: Ever wondered why alcohol can seem to solve all our problems, but ends up making them even worse? This doctor‚Äôs explanation‚Ä¶",96
96,0.7717,Sat Jun 09 08:55:42 +0000 2018,0.732,0.0,0.268,@BBC,"RT @BBCBreakfast: Yep, this is real... Russian hosts are being taught how to smile to make visitors feel welcome to the World Cup. üòÅ
#BBCWo‚Ä¶",97
97,0.6239,Sat Jun 09 08:54:21 +0000 2018,0.806,0.0,0.194,@BBC,"RT @bbcrb: Just amazing.
The WHOLE community was invited to this Iftar meal. THOUSANDS turned up! üôåüôå https://t.co/WAOYvHIbx3",98
98,0.0,Sat Jun 09 08:53:14 +0000 2018,1.0,0.0,0.0,@BBC,RT @bbccomedy: Dame Emma Thompson! ‚ù§Ô∏è #QueensBirthdayHonours https://t.co/sGDU1GC3SU,99
99,0.7579,Sat Jun 09 08:52:54 +0000 2018,0.755,0.0,0.245,@BBC,"RT @BBC6Music: Which riffs do you wish you had written?

ü§ò @st_vincent had some brilliant suggestions when she took over our Instagram toda‚Ä¶",100
0,-0.6597,Thu Jun 14 23:51:03 +0000 2018,0.732,0.268,0.0,@CNN,China is killing his business. Tariffs could make or break it. https://t.co/N3YgSNo9bo https://t.co/SrRkQcjzTS,1
1,0.34,Thu Jun 14 23:46:05 +0000 2018,0.888,0.0,0.112,@CNN,The US Department of Homeland Security said that it has identified malicious cyber activity by the North Korean gov‚Ä¶ https://t.co/NMnGJ1U6Or,2
2,0.5267,Thu Jun 14 23:41:28 +0000 2018,0.848,0.0,0.152,@CNN,RT @OutFrontCNN: The Justice Department's internal watchdog found that former FBI Director James Comey's actions in the Hillary Clinton ema‚Ä¶,3
3,0.0,Thu Jun 14 23:41:05 +0000 2018,1.0,0.0,0.0,@CNN,"A migrant ship's fate symbolizes a divided Europe, Andrea Mammone writes for @CNNOpinion https://t.co/CASBXR18fI https://t.co/t6m4S4uTpc",4
4,-0.3862,Thu Jun 14 23:37:15 +0000 2018,0.617,0.236,0.147,@CNN,"RT @OutFrontCNN: Sen. Richard Blumenthal: ""There is no reason, absolutely no excuse, for using this report to cast doubt on the special cou‚Ä¶",5
5,0.0,Thu Jun 14 23:36:03 +0000 2018,1.0,0.0,0.0,@CNN,Trump's zero-tolerance policy is un-American | By Alice Driver via @CNNOpinion https://t.co/0wdU5m7FgD,6
6,-0.2025,Thu Jun 14 23:31:07 +0000 2018,0.758,0.141,0.101,@CNN,"Brie Larson says she doesn't ""hate white dudes,"" but wants more diversity among film critics https://t.co/CoGyjhawSL https://t.co/Iqy5Q4lcuY",7
7,0.0,Thu Jun 14 23:26:07 +0000 2018,1.0,0.0,0.0,@CNN,"Last week, a jogger was caught on video in Oakland throwing away a homeless man's possessions. In the days since th‚Ä¶ https://t.co/2kE3xXQ9gb",8
8,0.1779,Thu Jun 14 23:21:04 +0000 2018,0.925,0.0,0.075,@CNN,Afghanistan's cricket team makes history as it steps out on the pitch to face India in its first competitive Test m‚Ä¶ https://t.co/ujpRd6khar,9
9,0.0,Thu Jun 14 23:18:29 +0000 2018,1.0,0.0,0.0,@CNN,"RT @OutFrontCNN: CNN's Erin Burnett: ""Democrats conclude Comey helped Trump. Trump concludes Comey helped Clinton. Both sides found somethi‚Ä¶",10
10,0.2732,Thu Jun 14 23:16:08 +0000 2018,0.753,0.1,0.146,@CNN,A policy adviser for two pro-Trump groups who came under fire last month when a video surfaced of him praising Nazi‚Ä¶ https://t.co/9YkbQ7ZaUs,11
11,0.4019,Thu Jun 14 23:11:05 +0000 2018,0.876,0.0,0.124,@CNN,GOP Senate nominees Kevin Cramer and Corey Stewart sought and received the support of an anti-LGBT group that links‚Ä¶ https://t.co/pO0w1s7BW8,12
12,0.0,Thu Jun 14 23:06:07 +0000 2018,1.0,0.0,0.0,@CNN,"Attorney General Jeff Sessions cited the Bible in defending the Trump administration's immigration policies, especi‚Ä¶ https://t.co/Vw9uf7Ggsc",13
13,-0.7964,Thu Jun 14 23:02:07 +0000 2018,0.738,0.262,0.0,@CNN,"AG Jeff Sessions on immigration policy: Illegal entry into the US is a crime; ""I would cite you to the apostle Paul‚Ä¶ https://t.co/FPgJdWiVnq",14
14,0.0,Thu Jun 14 22:52:52 +0000 2018,1.0,0.0,0.0,@CNN,RT @CNNSitRoom: Mark @PrestonCNN reads from the GOP platform: ‚ÄúChildren raised in a two-parent household tend to be physically and emotiona‚Ä¶,15
15,-0.2023,Thu Jun 14 22:51:04 +0000 2018,0.847,0.153,0.0,@CNN,Roseanne Barr insists her controversial tweet was about anti-Semitism https://t.co/OxBDqd8dEs https://t.co/W1GHF9hWLm,16
16,0.0516,Thu Jun 14 22:48:50 +0000 2018,0.921,0.0,0.079,@CNN,Nigerian President Muhammadu Buhari offers national apology for presidential election annulled 25 years ago‚Ä¶ https://t.co/mKIOneKyU9,17
17,0.0,Thu Jun 14 22:47:43 +0000 2018,1.0,0.0,0.0,@CNN,RT @CNNSitRoom: Attorney General Jeff Sessions cites the Bible in defending the Trump administration's immigration policies resulting in fa‚Ä¶,18
18,-0.6705,Thu Jun 14 22:46:03 +0000 2018,0.809,0.191,0.0,@CNN,"The brother of the gunman who killed 17 students and adults at a Parkland, Florida, school has announced the launch‚Ä¶ https://t.co/ihTzoNzWMW",19
19,0.0,Thu Jun 14 22:41:03 +0000 2018,1.0,0.0,0.0,@CNN,"""Stranger Things"" star Millie Bobby Brown leaves Twitter amid cyberbulling https://t.co/JB5h4Vk0iL https://t.co/3kFSSSevtJ",20
20,0.0,Thu Jun 14 22:36:07 +0000 2018,1.0,0.0,0.0,@CNN,Three Californias? Billionaires' fantasy world is on the ballot | By Jeff Yang via @CNNOpinion‚Ä¶ https://t.co/CiymVADM4D,21
21,0.6369,Thu Jun 14 22:31:10 +0000 2018,0.575,0.119,0.305,@CNN,"RNC chair's tweet spells doom for the party I love, writes S.E. Cupp for @CNNOpinion https://t.co/6UsntujTRs https://t.co/iTPS7petTK",22
22,0.5106,Thu Jun 14 22:26:00 +0000 2018,0.837,0.0,0.163,@CNN,It's #FlagDay. Here are some fun facts about the American flag you may not have known. https://t.co/zqJv4O2BmL https://t.co/iUgsmPL4J2,23
23,-0.5574,Thu Jun 14 22:24:32 +0000 2018,0.816,0.184,0.0,@CNN,"Rob Rogers, an award-winning editorial cartoonist for the Pittsburgh Post-Gazette, has announced that he was fired‚Ä¶ https://t.co/vnW1rIayz9",24
24,-0.5267,Thu Jun 14 22:21:04 +0000 2018,0.779,0.221,0.0,@CNN,UN calls for international inquiry into human rights violations in Kashmir https://t.co/jv3agMGbHP https://t.co/gYg23Bm2mc,25
25,-0.4215,Thu Jun 14 22:16:02 +0000 2018,0.843,0.157,0.0,@CNN,Mixed martial arts star Conor McGregor expresses regret over bus brawl after brief court appearance‚Ä¶ https://t.co/998SG8agNn,26
26,0.0,Thu Jun 14 22:10:41 +0000 2018,1.0,0.0,0.0,@CNN,Garry Hartman runs one of the few chassis manufacturers left in the US. But stiff competition from China is making‚Ä¶ https://t.co/qWROorXAHY,27
27,-0.1027,Thu Jun 14 21:59:06 +0000 2018,0.583,0.225,0.192,@CNN,Prominent Iranian human rights lawyer detained again https://t.co/1uN4dAJnnq https://t.co/uhw9x4c4mo,28
28,-0.25,Thu Jun 14 21:52:05 +0000 2018,0.889,0.111,0.0,@CNN,This is not the first time Trump unwittingly starred in foreign propaganda https://t.co/0pwZRqJGfC | Analysis by Z.‚Ä¶ https://t.co/hhRf6nwQvO,29
29,0.0,Thu Jun 14 21:50:36 +0000 2018,1.0,0.0,0.0,@CNN,"FBI Director Christopher Wray said the FBI will ""hold employees accountable for any potential misconduct"" in respon‚Ä¶ https://t.co/GKS0braNhZ",30
30,-0.4678,Thu Jun 14 21:46:29 +0000 2018,0.845,0.155,0.0,@CNN,"RT @CNNSitRoom: The IG is right to condemn the ""astonishingly bad judgment"" by a few of the FBI employees, but the report is an ""exoneratio‚Ä¶",31
31,-0.4215,Thu Jun 14 21:45:08 +0000 2018,0.797,0.203,0.0,@CNN,Rallies protesting immigrant family separations will take place across US https://t.co/Gqj2wiCcl2 https://t.co/WnREMfxxyb,32
32,-0.1027,Thu Jun 14 21:44:53 +0000 2018,0.931,0.069,0.0,@CNN,FBI Director Christopher Wray says the inspector general report ‚Äúdid not find any evidence of political bias or imp‚Ä¶ https://t.co/8rdUKwLf0S,33
33,0.0,Thu Jun 14 21:39:34 +0000 2018,1.0,0.0,0.0,@CNN,"RT @CNNSitRoom: ‚ÄúReturning a salute is not the same as saluting someone, you always return a salute given to you,‚Äù Rep. Issa says about Tru‚Ä¶",34
34,-0.7964,Thu Jun 14 21:38:04 +0000 2018,0.664,0.336,0.0,@CNN,"She often harbored suicidal thoughts. Now, this teen is using technology to fight them. https://t.co/jWlnuCmSf2 https://t.co/AxQSbStZG2",35
35,0.5267,Thu Jun 14 21:35:37 +0000 2018,0.833,0.0,0.167,@CNN,RT @CNNMoney: JUST IN: The Justice Department will not seek a stay in the AT&amp;T-Time Warner case https://t.co/BZgqsQho1m https://t.co/f42IL9‚Ä¶,36
36,0.0,Thu Jun 14 21:35:19 +0000 2018,1.0,0.0,0.0,@CNN,The FBI holds a news conference on the DOJ watchdog's report on the Hillary Clinton email probe. Watch CNN:‚Ä¶ https://t.co/irhwASCYFN,37
37,0.296,Thu Jun 14 21:31:06 +0000 2018,0.845,0.0,0.155,@CNN,Elon Musk spends his own money to buy Tesla shares ‚Äî again https://t.co/eljpaxoOIM https://t.co/RN9MNxhe6I,38
38,0.5267,Thu Jun 14 21:27:49 +0000 2018,0.815,0.0,0.185,@CNN,"White House press secretary Sarah Sanders said a newly released Justice Department watchdog report ""reaffirmed the‚Ä¶ https://t.co/ZWHKDVeffn",39
39,-0.4939,Thu Jun 14 21:21:29 +0000 2018,0.686,0.209,0.105,@CNN,"RT @TheLeadCNN: The people who were mad about then-President Obama saluting with a coffee cup in his hand would ‚Äú100% be mad about this, if‚Ä¶",40
40,-0.3744,Thu Jun 14 21:21:08 +0000 2018,0.891,0.109,0.0,@CNN,"For a 100 million Egyptians the wait is over ‚Äî and so is the tension over whether the country's most famous star, M‚Ä¶ https://t.co/HWNqG1yWmt",41
41,0.6597,Thu Jun 14 21:21:01 +0000 2018,0.803,0.0,0.197,@CNN,RT @TheLeadCNN: Comey erred in his decision not to coordinate with his superiors at the Justice Department at key moments in the Clinton em‚Ä¶,42
42,0.1027,Thu Jun 14 21:19:04 +0000 2018,0.928,0.0,0.072,@CNN,"Seth Rogen and Evan Goldberg, who directed the 2014 movie ""The Interview,"" have admitted that they experienced a se‚Ä¶ https://t.co/USjtlASVyi",43
43,0.0,Thu Jun 14 21:17:30 +0000 2018,1.0,0.0,0.0,@CNN,"James Comey used a personal Gmail account for official government business while FBI director, after leading the in‚Ä¶ https://t.co/LINvyFL3cB",44
44,0.0,Thu Jun 14 21:16:09 +0000 2018,1.0,0.0,0.0,@CNN,These are Swiss Institute director Simon Castets' picks for what to see outside the Art Basel fair‚Ä¶ https://t.co/0GcLnZZOQN,45
45,0.0,Thu Jun 14 21:11:05 +0000 2018,1.0,0.0,0.0,@CNN,Volvo is the latest automaker to bet on this whiz kid's startup https://t.co/ob7wv511Rp https://t.co/87r75LSYtY,46
46,-0.4939,Thu Jun 14 21:06:03 +0000 2018,0.758,0.242,0.0,@CNN,Stolen Christopher Columbus letter to be returned to Vatican https://t.co/2Qr1sGz2QO https://t.co/hQp2gDWJ4i,47
47,0.1027,Thu Jun 14 21:01:05 +0000 2018,0.928,0.0,0.072,@CNN,"Seth Rogen and Evan Goldberg, who directed the 2014 movie ""The Interview, have admitted that they experienced a sen‚Ä¶ https://t.co/DYibbo4CEb",48
48,-0.3182,Thu Jun 14 20:56:48 +0000 2018,0.777,0.223,0.0,@CNN,This California ghost town is for sale https://t.co/uuhzbWCzZT https://t.co/RwxR1OZrGa,49
49,0.0,Thu Jun 14 20:51:05 +0000 2018,1.0,0.0,0.0,@CNN,American Express launches new cash back card https://t.co/vcHdD44kFd https://t.co/TKmizNlRrx,50
50,0.0,Thu Jun 14 20:47:18 +0000 2018,1.0,0.0,0.0,@CNN,"Today is #FlagDay. As the national debate on flag conduct continues, here's a refresher on the US Flag Code‚Ä¶ https://t.co/6D1NIsR9tQ",51
51,0.0,Thu Jun 14 20:41:07 +0000 2018,1.0,0.0,0.0,@CNN,Russian President Vladimir Putin met with a senior North Korean official in Moscow and invited North Korean leader‚Ä¶ https://t.co/kQh7DqGSAP,52
52,0.0,Thu Jun 14 20:35:04 +0000 2018,1.0,0.0,0.0,@CNN,From a roar to a whirr ‚Äî MotoGP goes electric https://t.co/EMzCSyLPKg https://t.co/1xg3wu81GC,53
53,0.5267,Thu Jun 14 20:32:28 +0000 2018,0.848,0.0,0.152,@CNN,RT @TheLeadCNN: The Justice Department's internal watchdog found that former FBI Director James Comey's actions in the Hillary Clinton emai‚Ä¶,54
54,-0.1779,Thu Jun 14 20:28:07 +0000 2018,0.513,0.274,0.214,@CNN,Americans are spending like mad again https://t.co/xpTW66twUm https://t.co/wqBqEOhi8J,55
55,0.3612,Thu Jun 14 20:27:58 +0000 2018,0.872,0.0,0.128,@CNN,"White House press secretary Sarah Sanders said President Donald Trump was using ""common courtesy"" when he returned‚Ä¶ https://t.co/5lRKRljctZ",56
56,-0.1027,Thu Jun 14 20:21:03 +0000 2018,0.903,0.097,0.0,@CNN,Russian lawmaker warns women against sex with foreigners during the World Cup https://t.co/S0e3DcebaL https://t.co/wfQGp8ujxR,57
57,0.0,Thu Jun 14 20:15:47 +0000 2018,1.0,0.0,0.0,@CNN,"CNN's Jim Acosta asks about family separations at the border: ""Why is the government doing this?""

White House pres‚Ä¶ https://t.co/fFCHQGCE4p",58
58,0.0,Thu Jun 14 20:14:04 +0000 2018,1.0,0.0,0.0,@CNN,Apple is starting a music publishing business https://t.co/g2mQYAqL74 https://t.co/eSuGXFqVgL,59
59,-0.6486,Thu Jun 14 20:07:03 +0000 2018,0.694,0.306,0.0,@CNN,Vice President Mike Pence's shameless suck up to the boss https://t.co/hRuNAu3MyN (via @CNNOpinion) https://t.co/C7cI5QoDX7,60
60,-0.7964,Thu Jun 14 20:02:51 +0000 2018,0.738,0.262,0.0,@CNN,"AG Jeff Sessions on immigration policy: Illegal entry into the US is a crime; ""I would cite you to the apostle Paul‚Ä¶ https://t.co/yi5p2xtT9x",61
61,-0.34,Thu Jun 14 20:00:19 +0000 2018,0.87,0.13,0.0,@CNN,"RNC chair tries to clarify tweet saying those opposed to Trump agenda are ""making a mistake"" https://t.co/ZiRTjsoMar https://t.co/VBexBkkE93",62
62,-0.5423,Thu Jun 14 19:53:03 +0000 2018,0.837,0.163,0.0,@CNN,What President Trump said about the media is bad. What Republican Rep. Mo Brooks said is even worse.‚Ä¶ https://t.co/F4l46nRljH,63
63,0.0,Thu Jun 14 19:46:04 +0000 2018,1.0,0.0,0.0,@CNN,"Why in the movies, home is the scariest place to be https://t.co/x8J4mGMshY https://t.co/8VyrCjMe9t",64
64,0.0,Thu Jun 14 19:39:03 +0000 2018,1.0,0.0,0.0,@CNN,A building in London just sold for $100 million ‚Äî per floor https://t.co/Zvl831oWVc https://t.co/5mXCAUy4Xo,65
65,0.0,Thu Jun 14 19:35:49 +0000 2018,1.0,0.0,0.0,@CNN,"""Come on Sarah, you're a parent. Don't you have any empathy for what these people are going through?"" CNN political‚Ä¶ https://t.co/gGPhXt3TXB",66
66,-0.5267,Thu Jun 14 19:32:04 +0000 2018,0.793,0.207,0.0,@CNN,Trump's pick for South Korea ambassador says North Korea remains a nuclear threat https://t.co/L15zoBSnlT https://t.co/YQDimT5rHq,67
67,-0.7003,Thu Jun 14 19:31:24 +0000 2018,0.756,0.244,0.0,@CNN,White House press secretary Sarah Sanders says President Trump ‚Äúhasn‚Äôt ignored the bad things that have been done b‚Ä¶ https://t.co/khfUsNb6dQ,68
68,-0.3612,Thu Jun 14 19:27:52 +0000 2018,0.884,0.116,0.0,@CNN,RT @CNNPolitics: White House press secretary Sarah Sanders on the recently released IG report: ‚ÄúIt reaffirmed the President‚Äôs suspicions ab‚Ä¶,69
69,-0.5023,Thu Jun 14 19:27:06 +0000 2018,0.787,0.213,0.0,@CNN,"More black women are running startups, but their funding still lags https://t.co/4KmFYxNdx4 https://t.co/sDMRtKUE4s",70
70,0.128,Thu Jun 14 19:23:07 +0000 2018,0.671,0.148,0.181,@CNN,Argentina's lower house of Congress approves bill liberalizing abortion laws https://t.co/j2ekA0eYML https://t.co/9wN3BzY9nJ,71
71,-0.4767,Thu Jun 14 19:22:59 +0000 2018,0.86,0.14,0.0,@CNN,"""Nothing in the inspector general's report makes me think we did the wrong thing."" Former FBI Director James Comey‚Ä¶ https://t.co/djJJcINGyh",72
72,-0.5267,Thu Jun 14 19:22:04 +0000 2018,0.793,0.207,0.0,@CNN,"Gangs in El Salvador are using women's bodies for ""revenge and control"" https://t.co/dconbQbrtj https://t.co/wtBEqzEvcw",73
73,0.0,Thu Jun 14 19:18:25 +0000 2018,1.0,0.0,0.0,@CNN,The White House is holding a press briefing. Watch CNN: https://t.co/UYpqI3w42L https://t.co/S8RNKEm9ID,74
74,0.0772,Thu Jun 14 19:17:09 +0000 2018,0.743,0.12,0.137,@CNN,"Kentucky is suing Walgreens, claiming the pharmacy played a role in the state's opioid crisis‚Ä¶ https://t.co/9cAY4bDl5q",75
75,0.0,Thu Jun 14 19:17:06 +0000 2018,1.0,0.0,0.0,@CNN,What was President Trump thinking when he saluted a North Korean general? | Analysis by @CillizzaCNN‚Ä¶ https://t.co/JbiBUZYHzi,76
76,0.0,Thu Jun 14 19:12:08 +0000 2018,1.0,0.0,0.0,@CNN,Attorney General Jeff Sessions takes responsibility for keeping Deputy Attorney General Rod Rosenstein in charge of‚Ä¶ https://t.co/XSWuRL8LxV,77
77,0.2486,Thu Jun 14 19:07:46 +0000 2018,0.756,0.101,0.143,@CNN,"""It's not a good day for the FBI."" -Jeffrey Toobin reacts to the Justice Department inspector general report on the‚Ä¶ https://t.co/inv3snjCXM",78
78,0.0,Thu Jun 14 19:07:07 +0000 2018,1.0,0.0,0.0,@CNN,English pop star Robbie Williams and former Brazil striker Ronaldo kick off World Cup 2018 https://t.co/YQxU5y55Lt https://t.co/GBcIOKJlb4,79
79,-0.4939,Thu Jun 14 19:02:04 +0000 2018,0.714,0.286,0.0,@CNN,Nintendo's disappointing E3 announcements send stock plunging https://t.co/jIB8vRxXjN https://t.co/w59g88X60i,80
80,0.2023,Thu Jun 14 19:01:17 +0000 2018,0.917,0.0,0.083,@CNN,RT @cnnbrk: A highly anticipated report on top federal officials' handling of the Clinton email investigation has been made public. CNN is‚Ä¶,81
81,0.0,Thu Jun 14 18:57:03 +0000 2018,1.0,0.0,0.0,@CNN,Is the World Cup toxic for advertisers? https://t.co/stWOoHz5Y9 https://t.co/jbLRuLQUau,82
82,0.0,Thu Jun 14 18:54:05 +0000 2018,1.0,0.0,0.0,@CNN,"Following the hallmark year of 1776, the US got its first official flag. Here's a look back at the origins of‚Ä¶ https://t.co/5XbFU9a1FO",83
83,0.0,Thu Jun 14 18:52:03 +0000 2018,1.0,0.0,0.0,@CNN,"The founder of Destiny Pictures, an independent production company in Hollywood, says that neither he nor his compa‚Ä¶ https://t.co/PlNlnVi3mn",84
84,0.0,Thu Jun 14 18:47:06 +0000 2018,1.0,0.0,0.0,@CNN,"As the national debate on flag conduct continues, here's a refresher on the US Flag Code https://t.co/mpLRvpU6tQ https://t.co/Jk8jdzIJGC",85
85,0.0,Thu Jun 14 18:43:06 +0000 2018,1.0,0.0,0.0,@CNN,How 7 words in the 500-page inspector general report will give Donald Trump all the 'deep state' ammo he wanted | A‚Ä¶ https://t.co/k4qD05FA1B,86
86,0.5267,Thu Jun 14 18:40:54 +0000 2018,0.764,0.0,0.236,@CNN,READ: The Justice Department inspector general report on Clinton's email https://t.co/D50LSqCX95 https://t.co/YPyICzRmIC,87
87,-0.4019,Thu Jun 14 18:37:02 +0000 2018,0.881,0.119,0.0,@CNN,UK-based gay rights activist Peter Tatchell was briefly detained by police in Moscow on the opening day of the Worl‚Ä¶ https://t.co/C4qcXfSHT6,88
88,0.0,Thu Jun 14 18:32:08 +0000 2018,1.0,0.0,0.0,@CNN,President Donald Trump turns 72 https://t.co/CRxcakUHvy https://t.co/LIMbaYfwfP,89
89,-0.2263,Thu Jun 14 18:28:30 +0000 2018,0.569,0.261,0.171,@CNN,Supreme Court strikes down Minnesota law that banned political apparel at a polling place https://t.co/CJbo2kKVe7 https://t.co/4v2NpIVDX1,90
90,0.0,Thu Jun 14 18:22:06 +0000 2018,1.0,0.0,0.0,@CNN,Need a student loan? These are your options: https://t.co/w7sEQvCTgr https://t.co/DUUw0oDm72,91
91,0.0,Thu Jun 14 18:15:00 +0000 2018,1.0,0.0,0.0,@CNN,Sef Scott has autism and is usually nonverbal. But he stood before his high school classmates to deliver a powerful‚Ä¶ https://t.co/dj5SYGZvMo,92
92,-0.4585,Thu Jun 14 18:08:05 +0000 2018,0.769,0.231,0.0,@CNN,Republicans aren't happy about new texts between 2 FBI officials https://t.co/cuV8LHnHAy https://t.co/dZUBfEvEhx,93
93,-0.25,Thu Jun 14 18:01:03 +0000 2018,0.526,0.237,0.237,@CNN,"Back from the brink of suicide, they want to save others https://t.co/8xjxLdhJCU https://t.co/xu1QSZd72p",94
94,0.0,Thu Jun 14 17:55:27 +0000 2018,1.0,0.0,0.0,@CNN,NY Attorney General on Trump‚Äôs tweet slamming the case against him: ‚ÄúThis is not either a sleazy or political actio‚Ä¶ https://t.co/vEZxYyX2G7,95
95,-0.5095,Thu Jun 14 17:50:06 +0000 2018,0.581,0.278,0.141,@CNN,"GOP congressman says he is ""alarmed, angered, and deeply disappointed"" by the Justice Department's Inspector Genera‚Ä¶ https://t.co/2AfqDG5A88",96
96,0.0,Thu Jun 14 17:45:04 +0000 2018,1.0,0.0,0.0,@CNN,"We're in Fort Wayne, Indiana, where Attorney General Jeff Sessions is discussing the Trump administration's immigra‚Ä¶ https://t.co/rh4ZJymRpH",97
97,0.5859,Thu Jun 14 17:40:09 +0000 2018,0.759,0.0,0.241,@CNN,Russia opens World Cup 2018 with thumping win over Saudi Arabia https://t.co/ygjPbF16L4 https://t.co/ZfSM1Uts0g,98
98,0.0,Thu Jun 14 17:33:03 +0000 2018,1.0,0.0,0.0,@CNN,FBI Director Christopher Wray is expected to respond to findings in the Inspector General's report on the FBI's han‚Ä¶ https://t.co/WvJwANhdiY,99
99,0.1531,Thu Jun 14 17:26:10 +0000 2018,0.918,0.0,0.082,@CNN,"Britain's Queen Elizabeth II and Meghan, Duchess of Sussex, attended a day of public engagements together. It was t‚Ä¶ https://t.co/BLPAY8xKPx",100
0,-0.296,Thu Jun 14 23:34:46 +0000 2018,0.901,0.099,0.0,@CBSNews,Florida man accused of shooting his pregnant wife in the head and attempting to dismember the body. Her remains wer‚Ä¶ https://t.co/IDzGKAW24O,1
1,-0.4404,Thu Jun 14 23:14:43 +0000 2018,0.873,0.127,0.0,@CBSNews,H&amp;R Block stock plunges for the second day in a row following announcement that the company will close 400 stores i‚Ä¶ https://t.co/M4bzVXCS9Y,2
2,0.211,Thu Jun 14 22:54:34 +0000 2018,0.84,0.059,0.101,@CBSNews,Press Secretary Sarah Sanders doesn't deny CBS report she plans to leave White House during Thursday's press briefi‚Ä¶ https://t.co/EywbAAS2Ko,3
3,0.0,Thu Jun 14 22:34:34 +0000 2018,1.0,0.0,0.0,@CBSNews,"""Don't do it alone"": Michelle Obama tells first-generation college-bound students they are ""going to be fine,"" beca‚Ä¶ https://t.co/OcRFOyPQT3",4
4,0.0,Thu Jun 14 22:19:01 +0000 2018,1.0,0.0,0.0,@CBSNews,"Reporter: ""When you read this report, if you could sum up your reaction from having read it in one word, what is th‚Ä¶ https://t.co/tCdbEAIIGF",5
5,-0.2023,Thu Jun 14 22:09:51 +0000 2018,0.727,0.155,0.118,@CBSNews,"""We're going to make painfully clear to everybody that we won't tolerate noncompliance"": FBI Director Wray addresse‚Ä¶ https://t.co/nNIHd83T20",6
6,0.7845,Thu Jun 14 22:07:27 +0000 2018,0.706,0.0,0.294,@CBSNews,"""I'm a huge believer in the importance of process, of doing this job by the book in every respect and I expect all‚Ä¶ https://t.co/z092U6w9CY",7
7,0.3818,Thu Jun 14 21:59:27 +0000 2018,0.885,0.0,0.115,@CBSNews,"""Nothing in this report impugns the integrity of our workforce as a whole or the FBI as an institution"": FBI Direct‚Ä¶ https://t.co/SXaRrBA6z7",8
8,0.0,Thu Jun 14 21:56:30 +0000 2018,1.0,0.0,0.0,@CBSNews,"FBI Director Wray notes a departmental effort to review ""how the FBI handles sensitive investigations,"" including h‚Ä¶ https://t.co/0Mm9wzffdq",9
9,0.1548,Thu Jun 14 21:51:11 +0000 2018,0.797,0.088,0.115,@CBSNews,"""I take this report very seriously and we accept its findings and recommendations"": FBI Director Wray responds to t‚Ä¶ https://t.co/k9c7mkTHFz",10
10,0.5267,Thu Jun 14 21:39:52 +0000 2018,0.848,0.0,0.152,@CBSNews,A Justice Department report looking at the FBI and DOJ handling of the Clinton email investigation is expected to b‚Ä¶ https://t.co/DjPDCt9pIJ,11
11,0.0,Thu Jun 14 21:36:50 +0000 2018,1.0,0.0,0.0,@CBSNews,"""An investigation into the investigation of the investigation"": Congressman Jerry Nadler calls Republican responses‚Ä¶ https://t.co/BPMCsNZ7Pf",12
12,-0.296,Thu Jun 14 21:33:19 +0000 2018,0.891,0.109,0.0,@CBSNews,"""We were right to be worried about the double standard"": Congressman Jerry Nadler reacts to the Inspector General's‚Ä¶ https://t.co/6hdIyWxRxU",13
13,-0.2263,Thu Jun 14 21:22:41 +0000 2018,0.909,0.091,0.0,@CBSNews,"""The report does not answer how he got those leaks and Democrats are demanding answers"": Minority Leader Pelosi add‚Ä¶ https://t.co/eas3IgDkB6",14
14,0.0629,Thu Jun 14 21:15:21 +0000 2018,0.878,0.055,0.067,@CBSNews,"""Law enforcement must not only avoid actual bias, but also the appearance of bias"": Sen. Feinstein read from the In‚Ä¶ https://t.co/p3EnNiPOYu",15
15,-0.5267,Thu Jun 14 21:02:16 +0000 2018,0.833,0.167,0.0,@CBSNews,"""James Comey violated DOJ policies on three occasions,"" Sen. Feinstein said in response to the Inspector General's‚Ä¶ https://t.co/HUXYOVePnE",16
16,-0.34,Thu Jun 14 21:01:26 +0000 2018,0.755,0.147,0.097,@CBSNews,A group of women in Flint is stepping up to help residents in the midst of the Michigan city's water crisis -- dona‚Ä¶ https://t.co/RGsELJ9Wcc,17
17,0.4019,Thu Jun 14 20:58:51 +0000 2018,0.876,0.0,0.124,@CBSNews,"""Nothing in this report lays a glove on special counsel Mueller or the ongoing Russia probe,"" Sen. Schumer said wit‚Ä¶ https://t.co/YzOUqOXowg",18
18,0.4588,Thu Jun 14 20:48:13 +0000 2018,0.857,0.0,0.143,@CBSNews,"""Director Comey's mishandling of the publicity around the Clinton e-mail campaign all accrued to the benefit of the‚Ä¶ https://t.co/G8aoVFOaUq",19
19,0.1531,Thu Jun 14 20:44:47 +0000 2018,0.8,0.088,0.112,@CBSNews,"""Anyone who is hoping to use this report to undermine the Mueller probe or prove the existence of a deep state cons‚Ä¶ https://t.co/UyJSYo6uvr",20
20,-0.4767,Thu Jun 14 20:44:35 +0000 2018,0.838,0.162,0.0,@CBSNews,"President Trump has suspended training exercises in South Korea while negotiating denuclearization to the North, cl‚Ä¶ https://t.co/NJoH96z1NK",21
21,0.0,Thu Jun 14 20:30:13 +0000 2018,1.0,0.0,0.0,@CBSNews,"Working with methods a little more elaborate than a plastic bucket and shovel, this New Hampshire town puts on a to‚Ä¶ https://t.co/9dpLHnAXBr",22
22,0.4215,Thu Jun 14 20:14:54 +0000 2018,0.872,0.0,0.128,@CBSNews,President Trump approved the release of $6.6 million in funds for Syria stabilization programs. The fate of an addi‚Ä¶ https://t.co/wVqbCKrcMR,23
23,0.0,Thu Jun 14 19:59:40 +0000 2018,1.0,0.0,0.0,@CBSNews,"Today is President Trump's 72nd birthday. From Apprentice to President, here are 32 photos of Mr. Trump through the‚Ä¶ https://t.co/ZgfSh6VRgx",24
24,0.802,Thu Jun 14 19:43:18 +0000 2018,0.745,0.0,0.255,@CBSNews,.@PressSec: I show up here every day. I love my job. I'm glad to work for the president. And each and every day I'l‚Ä¶ https://t.co/QSTkhcQ4pY,25
25,0.0,Thu Jun 14 19:41:39 +0000 2018,1.0,0.0,0.0,@CBSNews,".@PressSec: I think CBS got a little ahead of their skis, particularly since they put out a story about my thinking‚Ä¶ https://t.co/Z1PRJlpQkC",26
26,-0.1027,Thu Jun 14 19:32:57 +0000 2018,0.935,0.065,0.0,@CBSNews,Reporter: Did the president or anyone else use funds from the Trump Foundation to pay for personal business or camp‚Ä¶ https://t.co/7lTrDiXNX4,27
27,0.0,Thu Jun 14 19:31:26 +0000 2018,1.0,0.0,0.0,@CBSNews,"‚ÄúDon‚Äôt you have any empathy? Come on, Sarah, you‚Äôre a parent. Don't you have any empathy for what these people are‚Ä¶ https://t.co/s0lS49VstX",28
28,0.6369,Thu Jun 14 19:27:12 +0000 2018,0.811,0.0,0.189,@CBSNews,.@PressSec: I am not today or tomorrow or at any point going to comment on Rudy Giuliani‚Äôs love life.‚Ä¶ https://t.co/qpksyC8yVB,29
29,0.6369,Thu Jun 14 19:26:17 +0000 2018,0.819,0.0,0.181,@CBSNews,Reporter: Rudy Giuliani spent 20 minutes talking with one of our reporters about his love life...Has this become to‚Ä¶ https://t.co/MS0jGFaRdr,30
30,-0.3612,Thu Jun 14 19:22:17 +0000 2018,0.878,0.122,0.0,@CBSNews,"""The president was briefed on the IG report earlier today. 
And it reaffirmed the president's suspicions about Come‚Ä¶ https://t.co/LM5lNYyp91",31
31,0.0,Thu Jun 14 19:20:25 +0000 2018,1.0,0.0,0.0,@CBSNews,WATCH: White House holds press briefing after long-awaited DOJ Inspector General report is released‚Ä¶ https://t.co/RxUvn7MNQV,32
32,0.34,Thu Jun 14 19:20:12 +0000 2018,0.906,0.0,0.094,@CBSNews,"Excited for the World Cup to start? So is the Empire State Building. Last night, it lit up with the colors of every‚Ä¶ https://t.co/tMtGknSNRY",33
33,-0.4023,Thu Jun 14 19:00:22 +0000 2018,0.838,0.162,0.0,@CBSNews,"Speaker Paul Ryan says he's not comfortable with separating families at U.S. border
https://t.co/rdzwEnTdr2 https://t.co/rkTrVDrQDo",34
34,0.6369,Thu Jun 14 18:40:36 +0000 2018,0.84,0.0,0.16,@CBSNews,"WATCH: Little girl hears her mom‚Äôs voice for the first time and the first thing she says is, ‚ÄúI love you.‚Äù ‚ù§Ô∏è‚Ä¶ https://t.co/a0OepXgPKS",35
35,0.0,Thu Jun 14 18:19:54 +0000 2018,1.0,0.0,0.0,@CBSNews,"Einstein was an advocate of civil rights in the U.S., but his travel diaries from his time in Asia and the Middle E‚Ä¶ https://t.co/2XFX2pP68K",36
36,0.0,Thu Jun 14 18:17:58 +0000 2018,1.0,0.0,0.0,@CBSNews,"""Based on early reviews of this -- this investigation, while thorough, appears to fall short of proving the preside‚Ä¶ https://t.co/9HYCGFS2Sp",37
37,0.5267,Thu Jun 14 18:16:36 +0000 2018,0.841,0.0,0.159,@CBSNews,The long-awaited DOJ Inspector General report on the handling of the Clinton email investigation by the Justice Dep‚Ä¶ https://t.co/9oLib8xvib,38
38,-0.4404,Thu Jun 14 17:59:35 +0000 2018,0.854,0.146,0.0,@CBSNews,"Target's attempt at a ""playful"" Father's Day card depicting a black couple prompted criticism on social media and w‚Ä¶ https://t.co/7EkLGAyuui",39
39,0.3182,Thu Jun 14 17:43:49 +0000 2018,0.887,0.0,0.113,@CBSNews,VIDEO TO FAWN OVER: Man rescues baby deer on the verge of drowning in his swimming pool https://t.co/UvLPTLGfcd https://t.co/fGgEuLAb4z,40
40,0.0,Thu Jun 14 17:39:51 +0000 2018,1.0,0.0,0.0,@CBSNews,"""We needed to correct the record"": a study on the Mediterranean diet was retracted after an obscure report drew foc‚Ä¶ https://t.co/fQ29IfvCpL",41
41,0.5267,Thu Jun 14 17:19:46 +0000 2018,0.841,0.0,0.159,@CBSNews,The long-awaited DOJ Inspector General report on the handling of the Clinton email investigation by the Justice Dep‚Ä¶ https://t.co/tUcLqJAjf6,42
42,0.2732,Thu Jun 14 17:00:02 +0000 2018,0.736,0.108,0.156,@CBSNews,Supreme Court strikes down Minnesota's voter clothing law that barred voters in the state from wearing a wide range‚Ä¶ https://t.co/UiK1A8FCHS,43
43,0.0,Thu Jun 14 16:39:54 +0000 2018,1.0,0.0,0.0,@CBSNews,A New York Attorney General aiming for the dissolution and penalization of the Trump Foundation said Thursday the c‚Ä¶ https://t.co/bzL2ooMWjD,44
44,-0.5267,Thu Jun 14 16:29:37 +0000 2018,0.747,0.253,0.0,@CBSNews,"Man accused of making biological weapon ricin in Germany, preparing ""serious"" act of violence‚Ä¶ https://t.co/GNvFsI753T",45
45,0.0,Thu Jun 14 16:16:02 +0000 2018,1.0,0.0,0.0,@CBSNews,After one Texas man saw the news that more than 50 undocumented immigrants found in the back of a semi-truck were l‚Ä¶ https://t.co/cNG9axNsIv,46
46,0.0,Thu Jun 14 15:59:46 +0000 2018,1.0,0.0,0.0,@CBSNews,"San Francisco elects first African-American woman mayor, London Breed https://t.co/XKVfc9bEQD https://t.co/EonA92USPq",47
47,-0.5859,Thu Jun 14 15:52:06 +0000 2018,0.806,0.194,0.0,@CBSNews,Three fire trucks and two ambulances have arrived on the White House grounds.  D.C. Fire and EMS say there was a me‚Ä¶ https://t.co/grexlYjLcP,48
48,-0.34,Thu Jun 14 15:44:54 +0000 2018,0.888,0.112,0.0,@CBSNews,"A man dubbed ""Jogger Joe"" was seen on video throwing a homeless man's belongings away; now an arrest has been made‚Ä¶ https://t.co/Q90XY6YKzJ",49
49,0.5106,Thu Jun 14 15:29:50 +0000 2018,0.845,0.0,0.155,@CBSNews,"What Fox would bring to Disney or Comcast?

Comcast's $65 billion cash bid Wednesday tops Disney's all-stock offer,‚Ä¶ https://t.co/Qdbjp1AY6m",50
50,-0.2263,Thu Jun 14 15:19:58 +0000 2018,0.894,0.106,0.0,@CBSNews,"NEW: New York Attorney General announces lawsuit against Trump Foundation, alleging ""a pattern of persistent illega‚Ä¶ https://t.co/iZf4325Sm4",51
51,0.4767,Thu Jun 14 15:14:38 +0000 2018,0.846,0.0,0.154,@CBSNews,Meghan Markle and The Queen were all smiles on their first joint trip together without Prince Harry‚Ä¶ https://t.co/pbwvr3bIlX,52
52,-0.6124,Thu Jun 14 14:59:36 +0000 2018,0.833,0.167,0.0,@CBSNews,"Florida woman goes on a racist tirade in a nail salon, yelling expletives at nail techs and telling them to learn e‚Ä¶ https://t.co/atcD0VKmBR",53
53,-0.3612,Thu Jun 14 14:44:39 +0000 2018,0.759,0.241,0.0,@CBSNews,China to President Trump: No trade deals if tariffs are imposed https://t.co/lMuEDg7Ilt https://t.co/u1XugUVUde,54
54,-0.3818,Thu Jun 14 14:39:23 +0000 2018,0.86,0.14,0.0,@CBSNews,"U.N. General Assembly voted on an Arab-backed resolution to condemn Israel for force against Palestinian civilians,‚Ä¶ https://t.co/6lyN4BNzCA",55
55,0.0,Thu Jun 14 14:29:51 +0000 2018,1.0,0.0,0.0,@CBSNews,"One year after near-fatal shooting, Rep. Steve Scalise returns to the baseball field not quite the same‚Ä¶ https://t.co/zQVdkVF5S7",56
56,0.0,Thu Jun 14 14:15:02 +0000 2018,1.0,0.0,0.0,@CBSNews,Bravo reality star's surrogate sues the network for filming birth https://t.co/cD9BfUnCh0 https://t.co/24ke5Ignnj,57
57,-0.1779,Thu Jun 14 14:00:02 +0000 2018,0.612,0.218,0.17,@CBSNews,"Houses burn ""like dominoes"" as wildfires menace U.S. West https://t.co/ghp7HjpvGJ https://t.co/U05YPvo6Fz",58
58,-0.3182,Thu Jun 14 13:45:03 +0000 2018,0.85,0.15,0.0,@CBSNews,Elon Musk's Boring Co. to build express line to Chicago's O'Hare airport https://t.co/r7ad3jMLL6 https://t.co/ZPXAa7uWdh,59
59,0.34,Thu Jun 14 13:29:42 +0000 2018,0.769,0.0,0.231,@CBSNews,Ivana Trump promotes Italian weight-loss diet system https://t.co/uMzgqEFQHF https://t.co/dUc0XrKqHQ,60
60,0.0,Thu Jun 14 13:14:43 +0000 2018,0.68,0.16,0.16,@CBSNews,"A strong storm slammed some areas of Pennsylvania, damaging numerous businesses, many in a shopping plaza, overturn‚Ä¶ https://t.co/rmgFJbIhG7",61
61,0.0,Thu Jun 14 13:00:15 +0000 2018,1.0,0.0,0.0,@CBSNews,"WATCH: This deer obviously didn't have a metro card, so it hopped the subway turnstyle and started running around t‚Ä¶ https://t.co/dZzuByCeYG",62
62,0.0,Thu Jun 14 12:54:30 +0000 2018,1.0,0.0,0.0,@CBSNews,One of country music's biggest stars just released his ninth studio album. Dierks Bentley decided to go back to his‚Ä¶ https://t.co/4cdSlJBAik,63
63,0.0,Thu Jun 14 12:48:41 +0000 2018,1.0,0.0,0.0,@CBSNews,"One year after near-fatal shooting, House Majority Whip Steve Scalise returns to the baseball field not quite the s‚Ä¶ https://t.co/gNrMob9DbW",64
64,0.0,Thu Jun 14 12:38:43 +0000 2018,1.0,0.0,0.0,@CBSNews,"Britain's newest royal, Meghan, the Duchess of Sussex, is being put to the test today. She's joined Queen Elizabeth‚Ä¶ https://t.co/zi619h4M9F",65
65,0.0,Thu Jun 14 12:21:27 +0000 2018,1.0,0.0,0.0,@CBSNews,The home of some of the world's largest and oldest sequoia trees will re-open to the public tomorrow for the first‚Ä¶ https://t.co/ne9ZVTqDp0,66
66,0.296,Thu Jun 14 12:19:44 +0000 2018,0.879,0.0,0.121,@CBSNews,"Teens are hooked on Juul, but a top executive insists that was never the company's intention https://t.co/vdOHd5zHhT https://t.co/fg5FzIhpDT",67
67,0.34,Thu Jun 14 12:15:48 +0000 2018,0.876,0.0,0.124,@CBSNews,Apple says it is closing a security gap in iPhones that allows access to personal information without a password‚Ä¶ https://t.co/tb4v9mqNsn,68
68,0.34,Thu Jun 14 12:06:49 +0000 2018,0.888,0.0,0.112,@CBSNews,"Rep. Steve Scalise will play baseball against the Democrats tonight, exactly one year after he was shot during a pr‚Ä¶ https://t.co/XoeOsJZYP8",69
69,0.7178,Thu Jun 14 11:49:30 +0000 2018,0.76,0.0,0.24,@CBSNews,"""We have made very clear that the sanctions and the economic relief that North Korea will receive will only happen‚Ä¶ https://t.co/hGYjqe9Y3Z",70
70,-0.9022,Thu Jun 14 11:46:31 +0000 2018,0.643,0.357,0.0,@CBSNews,The fate of a Missouri man on death row for murder is in doubt after Gov. Eric Greitens stepped down last month ami‚Ä¶ https://t.co/2BCFuso8zq,71
71,0.0,Thu Jun 14 11:44:27 +0000 2018,1.0,0.0,0.0,@CBSNews,A new report shows flavorings used in many brands of e-cigarettes may be more harmful than first thought. E-cigaret‚Ä¶ https://t.co/AoCYyAQV20,72
72,0.0,Thu Jun 14 11:37:57 +0000 2018,1.0,0.0,0.0,@CBSNews,WATCH: Secretary of State Mike Pompeo speaks to reporters in Beijing as he meets with China's foreign minister days‚Ä¶ https://t.co/hsePhRdPRX,73
73,-0.8625,Thu Jun 14 11:34:46 +0000 2018,0.709,0.291,0.0,@CBSNews,The fate of a Missouri man on death row for murder is in limbo after Gov. Eric Greitens stepped down last month. Gr‚Ä¶ https://t.co/JOgO1slilH,74
74,0.0,Thu Jun 14 11:34:02 +0000 2018,1.0,0.0,0.0,@CBSNews,"Here are this morning‚Äôs three things you need to know:
1‚É£World Cup kicks off
2‚É£NJ sports betting
3‚É£Happy birthday,‚Ä¶ https://t.co/C1HgzfAsBC",75
75,0.1531,Thu Jun 14 11:20:38 +0000 2018,0.918,0.0,0.082,@CBSNews,Comcast is challenging Disney for control of some of Hollywood‚Äôs biggest studios. Comcast offered $65 billion in ca‚Ä¶ https://t.co/TpoAfZMZZj,76
76,0.0,Thu Jun 14 11:20:30 +0000 2018,1.0,0.0,0.0,@CBSNews,Are President Trump and Mike Pompeo on same page about North Korea sanctions? https://t.co/4vyRpno9zT https://t.co/3oQy1DX10q,77
77,0.4588,Thu Jun 14 11:19:59 +0000 2018,0.864,0.0,0.136,@CBSNews,"The Federal Reserve says a ""resilient economy"" is one reason why it's raising a key interest rate for the second ti‚Ä¶ https://t.co/gNq6oD8n6s",78
78,-0.5994,Thu Jun 14 11:16:57 +0000 2018,0.795,0.205,0.0,@CBSNews,"Ryan Burke, a former Penn State fraternity brother, is the first to plead guilty to charges related to the hazing d‚Ä¶ https://t.co/9zZv86XREt",79
79,-0.5574,Thu Jun 14 11:16:07 +0000 2018,0.833,0.167,0.0,@CBSNews,Sources tell CBS News a government watchdog report coming out today will describe fired FBI director James Comey as‚Ä¶ https://t.co/jLdlNJsM2M,80
80,0.1027,Thu Jun 14 11:14:26 +0000 2018,0.746,0.118,0.136,@CBSNews,White House Press Secretary Sarah Huckabee Sanders is disputing a CBS report that she has told friends she‚Äôs planni‚Ä¶ https://t.co/TJb58Z3Zgo,81
81,-0.0258,Thu Jun 14 11:10:25 +0000 2018,0.744,0.13,0.126,@CBSNews,"Rudy Giuliani denies that Pres. Trump's former fixer, Michael Cohen, may cooperate with special counsel Robert Muel‚Ä¶ https://t.co/MjxUDPxMyf",82
82,0.5423,Thu Jun 14 11:08:57 +0000 2018,0.829,0.0,0.171,@CBSNews,President Trump is defending Kim Jong Un's human rights record and praising Kim‚Äôs negotiating skills. The grueling‚Ä¶ https://t.co/xIGp1XQFBg,83
83,0.0,Thu Jun 14 11:07:41 +0000 2018,1.0,0.0,0.0,@CBSNews,Gusty winds and extreme drought are fueling wildfires in the west. Flames are burning across seven states this morn‚Ä¶ https://t.co/BpoYN0ELSo,84
84,-0.7003,Thu Jun 14 11:07:10 +0000 2018,0.721,0.279,0.0,@CBSNews,Forecasters confirm a tornado caused severe damage in Pennsylvania Wednesday night. The storm ripped through the Sc‚Ä¶ https://t.co/LnDHdWJg7o,85
85,0.128,Thu Jun 14 10:59:59 +0000 2018,0.754,0.111,0.136,@CBSNews,Australia's prime minister is joining critics of elite Australian Special Forces troops who were photographed more‚Ä¶ https://t.co/spImc9nXp9,86
86,-0.2263,Thu Jun 14 10:46:02 +0000 2018,0.899,0.101,0.0,@CBSNews,"RT @CBSThisMorning: CBS THIS MORNING: 
üîú@DonDahlerCBS  is in Pennsylvania with the latest on a suspected tornado
üîú@jillonmoney discusses fe‚Ä¶",87
87,0.4588,Thu Jun 14 10:45:50 +0000 2018,0.773,0.062,0.165,@CBSNews,Ahead on @CBSThisMorning: Country music star @DierksBentley shows @JanCBS what inspired him to leave Nashville for‚Ä¶ https://t.co/po8WpWGRCL,88
88,0.34,Thu Jun 14 10:41:59 +0000 2018,0.876,0.0,0.124,@CBSNews,"Congressman @SteveScalise will play in the congressional baseball game tonight, exactly one year after he was shot‚Ä¶ https://t.co/WcCQzCT5m2",89
89,0.0,Thu Jun 14 10:39:12 +0000 2018,1.0,0.0,0.0,@CBSNews,"James Comey described as ""insubordinate"" in DOJ inspector general's report, @PaulaReidCBS reports:‚Ä¶ https://t.co/L1zzbZYLDE",90
90,0.0,Thu Jun 14 10:20:36 +0000 2018,1.0,0.0,0.0,@CBSNews,"World Cup 2026: 17 U.S cities are in the running to host the games, but not every metro will make it. These are the‚Ä¶ https://t.co/xp6M4B46wm",91
91,-0.4767,Thu Jun 14 10:03:06 +0000 2018,0.744,0.256,0.0,@CBSNews,"""Dead"" husband returns after police send wrong body https://t.co/ArQRM9pJoQ https://t.co/BsFSi74nVR",92
92,0.3612,Thu Jun 14 09:48:03 +0000 2018,0.815,0.0,0.185,@CBSNews,LinkedIn CEO Jeff Weiner on the importance of interpersonal skills https://t.co/5FHzafcKVo https://t.co/rqaHIbUsoa,93
93,0.0,Thu Jun 14 09:33:03 +0000 2018,1.0,0.0,0.0,@CBSNews,Couple takes wedding photos amid wildfire blazing in Colorado https://t.co/kPaQQDZ8ee https://t.co/SkJkbUwe8n,94
94,0.0,Thu Jun 14 09:18:03 +0000 2018,1.0,0.0,0.0,@CBSNews,"U.S.-North Korea summit: Trump, Pompeo defend language in joint statement https://t.co/2sTHIGeeku https://t.co/zY7jtDH0WQ",95
95,-0.1531,Thu Jun 14 09:03:03 +0000 2018,0.563,0.239,0.197,@CBSNews,"Colorado wildfires spreading quickly, threatening popular ski town https://t.co/2rdi1MbLw3 https://t.co/SLuPKqujKy",96
96,-0.7783,Thu Jun 14 08:48:03 +0000 2018,0.673,0.327,0.0,@CBSNews,"""He's fighting every second"": Orlando officer in coma after standoff that left kids dead https://t.co/OEqXbclToz https://t.co/ObyVmru2hA",97
97,0.4404,Thu Jun 14 08:33:03 +0000 2018,0.775,0.0,0.225,@CBSNews,Chess player pulls out of championship over Iran's rules https://t.co/Swpm4LVVPW https://t.co/HH8YK9EB6P,98
98,0.0,Thu Jun 14 08:18:03 +0000 2018,1.0,0.0,0.0,@CBSNews,Video shows explosions as Pacific Ocean waves hit molten lava on Hawaii coast https://t.co/hP0pEGO6fN https://t.co/LP9UByObfe,99
99,-0.34,Thu Jun 14 08:03:03 +0000 2018,0.844,0.156,0.0,@CBSNews,Man indicted in elderly woman's smothering; hundreds of unattended senior deaths examined https://t.co/A4W8dOlIHN https://t.co/RoISBesyko,100
0,-0.2263,Thu Jun 14 23:48:13 +0000 2018,0.894,0.106,0.0,@FoxNews,".@CLewandowski_ on NY AG's lawsuit against Trump Foundation: ""This is politics at its very worst."" #TheStory‚Ä¶ https://t.co/9LyHnX3Vex",1
1,0.2023,Thu Jun 14 23:47:20 +0000 2018,0.893,0.0,0.107,@FoxNews,"Moments ago, Republicans and Democrats playing in the #CongressionalBaseballGame stood as the national anthem playe‚Ä¶ https://t.co/90XKdX8SAe",2
2,0.0,Thu Jun 14 23:37:34 +0000 2018,1.0,0.0,0.0,@FoxNews,.@SteveScalise 'back in the game' at Congressional Baseball event one year after being shot https://t.co/KCaQUXkdtN,3
3,0.0,Thu Jun 14 23:35:58 +0000 2018,1.0,0.0,0.0,@FoxNews,".@marcthiessen on IG report: ""We now have confirmation that @HillaryClinton's recklessness in handling classified i‚Ä¶ https://t.co/9m0Ve1CKdf",4
4,0.0,Thu Jun 14 23:29:49 +0000 2018,1.0,0.0,0.0,@FoxNews,"Danny Coulson on Clinton email probe: ""[The investigation] was conducted by people at a much too high level. They s‚Ä¶ https://t.co/Ff8y3GXQHa",5
5,0.0,Thu Jun 14 23:27:10 +0000 2018,1.0,0.0,0.0,@FoxNews,".@RepSwalwell on IG report: ""[@realDonaldTrump] just weeks before the election wanted to throw a parade for James‚Ä¶ https://t.co/etMPUb3tyX",6
6,-0.5859,Thu Jun 14 23:25:00 +0000 2018,0.766,0.234,0.0,@FoxNews,".@RepSwalwell on IG report: ""This report found that there were no crimes by Clinton, no bias at the FBI and somethi‚Ä¶ https://t.co/iS1ElAOZWa",7
7,0.0,Thu Jun 14 23:06:41 +0000 2018,1.0,0.0,0.0,@FoxNews,House Majority Whip @SteveScalise takes the field at the #CongressionalBaseballGame one year after he was shot whil‚Ä¶ https://t.co/cit5xHbt66,8
8,0.7125,Thu Jun 14 23:01:52 +0000 2018,0.702,0.0,0.298,@FoxNews,PLAY BALL: Republicans and Democrats face off in the #CongressionalBaseballGame for charity.  (Courtesy: MLB Networ‚Ä¶ https://t.co/MGQtnLq6dv,9
9,0.4902,Thu Jun 14 22:59:08 +0000 2018,0.842,0.0,0.158,@FoxNews,".@ChuckLane1: ""If Jim @Comey had followed policy and practice, he be would so much better off today.""‚Ä¶ https://t.co/7YSkvEnSHE",10
10,0.0,Thu Jun 14 22:56:44 +0000 2018,1.0,0.0,0.0,@FoxNews,.@HillaryClinton gives a 3-word reaction to the DOJ IG findings. https://t.co/sPQoJRrWQp,11
11,-0.1027,Thu Jun 14 22:49:01 +0000 2018,0.935,0.065,0.0,@FoxNews,".@CharlesHurt on the DOJ IG report: ""The whole report also shows rampant political bias all up and down the system.‚Ä¶ https://t.co/90LJ0KV0zt",12
12,-0.0772,Thu Jun 14 22:47:00 +0000 2018,0.657,0.182,0.161,@FoxNews,"FBI Director Wray admits mistakes made, stands by his investigators. https://t.co/zGyaD81qZQ",13
13,0.5574,Thu Jun 14 22:41:00 +0000 2018,0.816,0.0,0.184,@FoxNews,North Korea's state media depict Kim as hero and star of the Singapore summit with @POTUS. https://t.co/VqCJLjY7Nu,14
14,-0.6249,Thu Jun 14 22:36:00 +0000 2018,0.638,0.362,0.0,@FoxNews,Arkansas highway drenched in Fireball whiskey after fiery semi-truck crash. https://t.co/TNs1mVGEAp,15
15,-0.6126,Thu Jun 14 22:29:27 +0000 2018,0.792,0.208,0.0,@FoxNews,"Rep. @TGowdySC: ""All of us have lost when we have a department and a bureau that we can not have confidence in.""‚Ä¶ https://t.co/p3WpsZ5zZb",16
16,-0.3818,Thu Jun 14 22:28:05 +0000 2018,0.809,0.191,0.0,@FoxNews,Troops to teachers brings service from the battlefield to the classroom. https://t.co/8G6hSPb9VN,17
17,0.0,Thu Jun 14 22:22:18 +0000 2018,1.0,0.0,0.0,@FoxNews,"Seven highlights from bombshell IG report.
https://t.co/PasbyXR84v",18
18,-0.0191,Thu Jun 14 22:21:10 +0000 2018,0.946,0.054,0.0,@FoxNews,"Rep. @TGowdySC: ""It doesn't matter what Mueller comes up with, some people are going to believe because [FBI Specia‚Ä¶ https://t.co/50dowrwRpR",19
19,0.0,Thu Jun 14 22:15:35 +0000 2018,1.0,0.0,0.0,@FoxNews,House Majority Whip @SteveScalise has left the Capitol for tonight's Congressional Baseball Game. Scalise was wound‚Ä¶ https://t.co/ER66jhnfAm,20
20,0.4019,Thu Jun 14 22:11:16 +0000 2018,0.856,0.0,0.144,@FoxNews,".@RepGoodlatte: ""This report shows that there was special treatment given to @HillaryClinton in the investigation o‚Ä¶ https://t.co/xNJhmBRRsD",21
21,0.0,Thu Jun 14 22:09:19 +0000 2018,1.0,0.0,0.0,@FoxNews,"Rep. @TGowdySC on the DOJ IG report: ""Just what a dark day it is for the FBI and the DOJ."" #SpecialReport‚Ä¶ https://t.co/YDu3RsimPE",22
22,0.0,Thu Jun 14 22:00:00 +0000 2018,1.0,0.0,0.0,@FoxNews,TUNE IN: Reps. Trey Gowdy and Bob Goodlatte speak to @BretBaier. Watch @SpecialReport now on Fox News Channel!‚Ä¶ https://t.co/E1GgQSR7Ty,23
23,-0.2023,Thu Jun 14 21:56:18 +0000 2018,0.913,0.087,0.0,@FoxNews,"FBI Director Christopher Wray on IG report: ""There's some sobering lessons in there and we're gonna learn those les‚Ä¶ https://t.co/NOPhw9JiHC",24
24,-0.2023,Thu Jun 14 21:53:27 +0000 2018,0.739,0.148,0.113,@FoxNews,"FBI Director Christopher Wray on leaking: ""We're going to make painfully clear to everybody that we won't tolerate‚Ä¶ https://t.co/z93I2VzNz0",25
25,0.3182,Thu Jun 14 21:49:11 +0000 2018,0.887,0.0,0.113,@FoxNews,"FBI Director Christopher Wray on IG report: ""We're gonna make sure that every FBI employee understands the lessons‚Ä¶ https://t.co/XvUtOEew9G",26
26,-0.8225,Thu Jun 14 21:48:00 +0000 2018,0.703,0.297,0.0,@FoxNews,"FBI Director Christopher Wray on the FBI: ""Just in the past several months, we've disrupted terrorist attacks in pl‚Ä¶ https://t.co/uth2aaj436",27
27,-0.7845,Thu Jun 14 21:42:22 +0000 2018,0.669,0.331,0.0,@FoxNews,"FBI Director Christopher Wray: ""The report does identify errors of judgment, violations of or even disregard for po‚Ä¶ https://t.co/5cuXO23LXg",28
28,0.0,Thu Jun 14 21:42:00 +0000 2018,1.0,0.0,0.0,@FoxNews,"FBI Director Christopher Wray: ""We need to hold ourselves accountable for the choices we make and the work we do."" https://t.co/YnOXxQhpQT",29
29,-0.1027,Thu Jun 14 21:40:07 +0000 2018,0.924,0.076,0.0,@FoxNews,"FBI Director Christopher Wray: ""This report did not find any evidence of political bias or improper considerations‚Ä¶ https://t.co/lFoqTR9TXD",30
30,0.3818,Thu Jun 14 21:38:04 +0000 2018,0.867,0.0,0.133,@FoxNews,"FBI Director Christopher Wray: ""The FBI's mission is to protect the American people and uphold the Constitution.""‚Ä¶ https://t.co/d4IWjBSW7s",31
31,0.1548,Thu Jun 14 21:36:46 +0000 2018,0.805,0.084,0.11,@FoxNews,"FBI Director Christopher Wray on IG report: ""I take this report very seriously and we accept its findings and recom‚Ä¶ https://t.co/U1fsKWVNXa",32
32,0.5719,Thu Jun 14 21:33:59 +0000 2018,0.734,0.0,0.266,@FoxNews,"FBI Director Christopher Wray: ""I appreciate the IG's work on this important review."" https://t.co/NxlYbIlejC https://t.co/RSIF4nGEoe",33
33,0.0,Thu Jun 14 21:33:21 +0000 2018,1.0,0.0,0.0,@FoxNews,TONIGHT: Reps. Trey Gowdy and Bob Goodlatte speak to @BretBaier. Tune in to @SpecialReport on Fox News Channel at 6‚Ä¶ https://t.co/X4yFPxqEz0,34
34,0.5267,Thu Jun 14 21:32:26 +0000 2018,0.815,0.0,0.185,@FoxNews,FBI Director Christopher Wray holds a news conference on the Department of Justice Inspector General report.‚Ä¶ https://t.co/3TLL48i6HI,35
35,0.1779,Thu Jun 14 21:32:14 +0000 2018,0.884,0.0,0.116,@FoxNews,.@AlanDersh on IG report: DOJ watchdog should have been much tougher on Comey https://t.co/Vld8KwEjmx,36
36,0.0258,Thu Jun 14 21:28:57 +0000 2018,0.726,0.134,0.14,@FoxNews,"CA Attorney: California Is 'Like a Drunk, It Has to Hit Rock-Bottom' Before Things Change https://t.co/iDacbAmum4",37
37,0.0,Thu Jun 14 21:23:46 +0000 2018,1.0,0.0,0.0,@FoxNews,".@kimguilfoyle on IG report: ""This is really egregious. You're talking about the FBI that is held to the highest re‚Ä¶ https://t.co/ryGTkf1rag",38
38,0.0,Thu Jun 14 21:17:34 +0000 2018,1.0,0.0,0.0,@FoxNews,".@kimguilfoyle on IG report: ""There you go, @HillaryClinton, the rules of law do not apply to her or to Mr. @Comey.‚Ä¶ https://t.co/eggwIpeoay",39
39,-0.5267,Thu Jun 14 21:15:08 +0000 2018,0.841,0.159,0.0,@FoxNews,".@BretBaier on @JusticeOIG report: ""The big loser: James @Comey. This IG really goes after the former @FBI director‚Ä¶ https://t.co/kifryKTm3T",40
40,0.34,Thu Jun 14 21:11:22 +0000 2018,0.87,0.0,0.13,@FoxNews,"IG report: DOJ official sought Clinton campaign job for son, then shared case info with Podesta https://t.co/Uv5VGCI7hz",41
41,0.34,Thu Jun 14 21:07:21 +0000 2018,0.876,0.0,0.124,@FoxNews,".@nikkihaley and other ambassadors on the @UN Security Council posed for a photo op Thursday, each wearing a jersey‚Ä¶ https://t.co/SSGWVaMO6s",42
42,0.516,Thu Jun 14 21:05:18 +0000 2018,0.693,0.086,0.221,@FoxNews,"BEAR'S BEST FRIEND: Most folks might run away in fear after coming face-to-face with a bear, but not 5-year-old Ian‚Ä¶ https://t.co/YbYbqqCP5T",43
43,0.0,Thu Jun 14 20:59:13 +0000 2018,1.0,0.0,0.0,@FoxNews,".@RepValDemings: ""What we do know is that there is nothing in the IG report that demonstrates that any action taken‚Ä¶ https://t.co/JL9Pja7wy2",44
44,0.0,Thu Jun 14 20:48:26 +0000 2018,0.688,0.156,0.156,@FoxNews,".@SenFeinstein: ""What the @JusticeOIG did conclude was that James @Comey violated Department of Justice policies on‚Ä¶ https://t.co/7yyDHhv1RF",45
45,0.0,Thu Jun 14 20:43:51 +0000 2018,1.0,0.0,0.0,@FoxNews,"Earlier, @VP Mike Pence tweeted that he is looking forward to seeing @SteveScalise return to the field for the annu‚Ä¶ https://t.co/83b39PDrFr",46
46,0.0,Thu Jun 14 20:34:52 +0000 2018,1.0,0.0,0.0,@FoxNews,'Don't You Have Any Empathy?!': Playboy Reporter Goes After Sanders on Migrant Kids Being Separated From Parents. https://t.co/K7giEvC3OR,47
47,0.0,Thu Jun 14 20:30:57 +0000 2018,1.0,0.0,0.0,@FoxNews,"IG refers five FBI employees for investigation, as more anti-Trump messages revealed - via @brookefoxnews 
https://t.co/wEEIC0IE6g",48
48,0.0,Thu Jun 14 20:29:25 +0000 2018,1.0,0.0,0.0,@FoxNews,"Democrats @SenSchumer , @SenFeinstein and Rep. @NancyPelosi make remarks after the @JusticeOIG released his report‚Ä¶ https://t.co/5QClEWYSuO",49
49,0.0,Thu Jun 14 20:24:07 +0000 2018,1.0,0.0,0.0,@FoxNews,"Former DOJ official Tom Dupree on the Russia investigation: ""I think if you're Bob Mueller, you have to view Jim‚Ä¶ https://t.co/uKm5hAWQtY",50
50,-0.1761,Thu Jun 14 20:17:06 +0000 2018,0.918,0.082,0.0,@FoxNews,".@RepMarkMeadows: ""It is just extremely concerning that we would have this kind of bias in the premier law enforcem‚Ä¶ https://t.co/BKjExQbBNI",51
51,-0.7645,Thu Jun 14 20:14:21 +0000 2018,0.572,0.332,0.096,@FoxNews,"'Angered and deeply disappointed'

Lawmakers from both parties slam the FBI and @Comey after the release of the DOJ‚Ä¶ https://t.co/wbIZrLmkB9",52
52,0.0,Thu Jun 14 20:10:07 +0000 2018,1.0,0.0,0.0,@FoxNews,".@RepMarkMeadows on the DOJ IG report: ""This is the tip of the iceberg."" #Cavuto https://t.co/jzIMFufscP https://t.co/kMLbFsmSuG",53
53,0.0,Thu Jun 14 20:06:42 +0000 2018,1.0,0.0,0.0,@FoxNews,".@Comey used personal email to conduct FBI business, watchdog report finds https://t.co/U7JdsNTr5Q",54
54,-0.4019,Thu Jun 14 19:52:33 +0000 2018,0.891,0.109,0.0,@FoxNews,"John Bussey on IG report: ""The details do kind of underscore the problems in the FBI and with the judgement calls t‚Ä¶ https://t.co/PrFZzHaz5A",55
55,0.802,Thu Jun 14 19:47:37 +0000 2018,0.745,0.0,0.255,@FoxNews,".@PressSec on report that she's leaving: ""I can tell you that I show up here every day. I love my job. I'm glad to‚Ä¶ https://t.co/bBPv90KwlU",56
56,0.0,Thu Jun 14 19:43:09 +0000 2018,1.0,0.0,0.0,@FoxNews,Watchdog report revelation: DOJ inspector general refers five FBI employees for investigation over 'hostile' politi‚Ä¶ https://t.co/3u0bu80hxr,57
57,0.128,Thu Jun 14 19:41:24 +0000 2018,0.919,0.0,0.081,@FoxNews,".@PressSec on immigration bills: ""[@POTUS has] already laid out a proposal that closes the legal loopholes and prov‚Ä¶ https://t.co/U0bgbcitNz",58
58,-0.4767,Thu Jun 14 19:36:58 +0000 2018,0.769,0.163,0.068,@FoxNews,".@PressSec on immigration: ""The separation of illegal alien families is the product of the same legal loopholes tha‚Ä¶ https://t.co/BcvG7PQH2O",59
59,0.5423,Thu Jun 14 19:30:23 +0000 2018,0.844,0.0,0.156,@FoxNews,".@PressSec on Kim Jong Un, @POTUS meeting: ""The focus of the summit was denuclearization and peace on the peninsula‚Ä¶ https://t.co/I0vBEWiaIN",60
60,-0.4939,Thu Jun 14 19:28:55 +0000 2018,0.833,0.167,0.0,@FoxNews,".@PressSec on NY AG suing Trump Foundation: ""The current acting NY AG has stated that battling the WH is the most i‚Ä¶ https://t.co/drCocBtpFu",61
61,-0.3612,Thu Jun 14 19:25:28 +0000 2018,0.872,0.128,0.0,@FoxNews,".@PressSec: ""[@POTUS] was briefed on the IG report earlier today and it reaffirmed the president's suspicions about‚Ä¶ https://t.co/PTfhycRyXb",62
62,-0.0772,Thu Jun 14 19:21:32 +0000 2018,0.779,0.117,0.104,@FoxNews,".@PressSec on Congressional baseball game: ""We are excited to see those who were injured return to the field includ‚Ä¶ https://t.co/29ohVFhq6H",63
63,0.4404,Thu Jun 14 19:19:16 +0000 2018,0.868,0.0,0.132,@FoxNews,".@PressSec on @larry_kudlow: ""[@POTUS] has spoken with Larry and he's in good spirits. We look forward to having hi‚Ä¶ https://t.co/UWiKnTQSwW",64
64,0.0,Thu Jun 14 19:16:34 +0000 2018,1.0,0.0,0.0,@FoxNews,.@PressSec Sarah Sanders holds a @WhiteHouse briefing https://t.co/rqawaFbgjM,65
65,0.3182,Thu Jun 14 19:11:06 +0000 2018,0.867,0.0,0.133,@FoxNews,".@SteveScalise on Shooting One Year Later: 'My Arms Gave Out, So I Just Started to Pray' https://t.co/yjIvIr9gs1",66
66,0.0,Thu Jun 14 19:05:19 +0000 2018,1.0,0.0,0.0,@FoxNews,".@RepRatcliffe on @JusticeOIG report: ""The manner in which they went about this almost impossible task, I do have c‚Ä¶ https://t.co/ngJ7Y2CzzF",67
67,0.0,Thu Jun 14 19:04:50 +0000 2018,1.0,0.0,0.0,@FoxNews,"Moments after the IG report about the Clinton email probe was released, James @Comey tweeted about the report's fin‚Ä¶ https://t.co/Kdp1q2rmbi",68
68,0.0,Thu Jun 14 18:59:37 +0000 2018,1.0,0.0,0.0,@FoxNews,".@RepRatcliffe: ""The @JusticeOIG's report really provides a legitimate basis to question the legitimacy of any conc‚Ä¶ https://t.co/5Bc78XbCwX",69
69,-0.4767,Thu Jun 14 18:49:57 +0000 2018,0.871,0.129,0.0,@FoxNews,".@RepRatcliffe: ""I think it's sad for the former director. You know, all the king's horses and all the king's men c‚Ä¶ https://t.co/nHnNrzrhRv",70
70,0.3612,Thu Jun 14 18:45:41 +0000 2018,0.839,0.0,0.161,@FoxNews,Catherine Herridge reports on importance of Weiner-Abedin emails in new IG report  @dailybriefing‚Ä¶ https://t.co/bmL0YwFBUM,71
71,0.0,Thu Jun 14 18:43:36 +0000 2018,1.0,0.0,0.0,@FoxNews,"Former FBI Director James @Comey responded to the @JusticeOIG report that blasted him as ""insubordinate"" for his ha‚Ä¶ https://t.co/M2Lknio0Y0",72
72,-0.4939,Thu Jun 14 18:33:10 +0000 2018,0.729,0.271,0.0,@FoxNews,"Driscoll: ""The IG can conclude that there's no documentary evidence that political bias affected decision-making, b‚Ä¶ https://t.co/1LxGuQjgoD",73
73,0.5267,Thu Jun 14 18:20:29 +0000 2018,0.833,0.0,0.167,@FoxNews,BREAKING NEWS: Justice Dept. inspector general releases report on FBI's handling of Hillary Clinton email case; Com‚Ä¶ https://t.co/ABRglzJPzs,74
74,0.5267,Thu Jun 14 18:20:25 +0000 2018,0.833,0.0,0.167,@FoxNews,BREAKING NEWS: Justice Dept. inspector general releases report on FBI's handling of Hillary Clinton email case; Com‚Ä¶ https://t.co/NihQXjV0D0,75
75,0.5267,Thu Jun 14 18:10:19 +0000 2018,0.833,0.0,0.167,@FoxNews,Breaking News: Justice Dept. IG report released on FBI's handling of Clinton email case; Comey found 'insubordinate' https://t.co/apipmUg5GK,76
76,0.0,Thu Jun 14 17:58:49 +0000 2018,1.0,0.0,0.0,@FoxNews,Oklahoma fishermen catch 'behemoth' alligator snapping turtle https://t.co/54dtL7NV7I,77
77,0.5719,Thu Jun 14 17:49:46 +0000 2018,0.684,0.0,0.316,@FoxNews,"Moments ago, President @realDonaldTrump wished everyone a Happy #FlagDay. https://t.co/O3sf2yLC8G",78
78,0.0,Thu Jun 14 17:47:22 +0000 2018,1.0,0.0,0.0,@FoxNews,Rudy Giuliani on expected DOJ IG report. https://t.co/sXnUsBr8aU,79
79,0.0,Thu Jun 14 17:37:25 +0000 2018,1.0,0.0,0.0,@FoxNews,".@GOPLeader: ""We just hit the one-millionth new job with the tax bill going through."" #OutnumberedOT https://t.co/GsCFWEgMiE",80
80,0.0772,Thu Jun 14 17:26:50 +0000 2018,0.843,0.0,0.157,@FoxNews,".@SenJohnKennedy: ""I just want the facts."" #OutnumberedOT https://t.co/a7s2od1DWL",81
81,0.1695,Thu Jun 14 17:12:50 +0000 2018,0.878,0.0,0.122,@FoxNews,President @realDonaldTrump says he will not settle a lawsuit announced by NY AG. https://t.co/0HHCuDpRNh,82
82,0.3818,Thu Jun 14 17:03:21 +0000 2018,0.795,0.0,0.205,@FoxNews,News Alert: Rosenstein at the @WhiteHouse as we await the release of DOJ IG report. https://t.co/7dUfnaHnJe,83
83,-0.296,Thu Jun 14 16:59:05 +0000 2018,0.855,0.145,0.0,@FoxNews,"FBI agent Strzok texted 'we'll stop' Trump from becoming president, IG report reveals
https://t.co/HG6WYqUm8a",84
84,0.5719,Thu Jun 14 16:55:19 +0000 2018,0.73,0.0,0.27,@FoxNews,"Moments ago, President @realDonaldTrump wished the @USArmy a happy birthday. https://t.co/T2KuIGpGLu https://t.co/x5ZFdx9xuX",85
85,0.0,Thu Jun 14 16:48:26 +0000 2018,1.0,0.0,0.0,@FoxNews,"Trump blasts Russia allegations as 'pile of garbage' - via @brookefoxnews 
https://t.co/rU7fFa37KL",86
86,-0.6705,Thu Jun 14 16:45:48 +0000 2018,0.744,0.256,0.0,@FoxNews,New York AG files lawsuit against Trump Foundation for alleged 'illegal conduct;' Trump says he 'won't settle' https://t.co/4K1XYW21HJ,87
87,-0.5719,Thu Jun 14 16:42:37 +0000 2018,0.748,0.252,0.0,@FoxNews,"Las Vegas footage shows chaos among officers, public as shooting unfolds
https://t.co/w8hBjQm4gP",88
88,-0.4298,Thu Jun 14 16:36:27 +0000 2018,0.841,0.159,0.0,@FoxNews,".@JulieBanderas: ""It seems under this president it seems @TheDemocrats aren't so interested in immigration reform,‚Ä¶ https://t.co/1A16V9r3wN",89
89,0.3818,Thu Jun 14 16:24:26 +0000 2018,0.86,0.0,0.14,@FoxNews,".@LizMacDonaldFOX: ""If a Republican president was doing this, we wouldn't be talking about the integrity of institu‚Ä¶ https://t.co/foQj6DB1Iq",90
90,0.0516,Thu Jun 14 16:15:34 +0000 2018,0.565,0.21,0.226,@FoxNews,".@LisaMarieBoothe: ""We know @POTUS likes to fight back."" https://t.co/jQNukYhMdu",91
91,0.0,Thu Jun 14 16:12:50 +0000 2018,1.0,0.0,0.0,@FoxNews,"'Foreign actors' accessed @HillaryClinton emails, documents show https://t.co/rSYMX6QiDV",92
92,-0.6705,Thu Jun 14 16:05:05 +0000 2018,0.756,0.244,0.0,@FoxNews,New York AG files lawsuit against Trump Foundation for alleged 'illegal conduct;' Trump says he 'won't settle' - vi‚Ä¶ https://t.co/5gwHEch1Ba,93
93,0.8718,Thu Jun 14 16:00:00 +0000 2018,0.618,0.0,0.382,@FoxNews,Happy 243rd Birthday to the @USArmy! Thank you to all our brave soldiers for your service and sacrifice.‚Ä¶ https://t.co/MiQ3C4w9z1,94
94,0.0,Thu Jun 14 15:59:45 +0000 2018,1.0,0.0,0.0,@FoxNews,Teen with autism delivers moving graduation speech https://t.co/51lLfb02Kr,95
95,-0.1027,Thu Jun 14 15:48:51 +0000 2018,0.638,0.191,0.17,@FoxNews,Man praised for delivering pizza to dozens of illegal immigrants discovered in truck https://t.co/0oqTHH6ped,96
96,0.5267,Thu Jun 14 15:42:27 +0000 2018,0.746,0.0,0.254,@FoxNews,"RT @FoxBusiness: US retail sales post biggest gain in 6 months
https://t.co/5ptnJPWPoV",97
97,-0.34,Thu Jun 14 15:27:20 +0000 2018,0.882,0.118,0.0,@FoxNews,"Wisconsin man makes break for McDonald‚Äôs before arrest, refuses to put on handcuffs 'until he ate his McDonald's' https://t.co/GhQVAiyZ33",98
98,0.6114,Thu Jun 14 15:07:26 +0000 2018,0.667,0.0,0.333,@FoxNews,#ProudAmerican: Celebrating #FlagDay on the Fox News plaza! https://t.co/CHATtjX0KW,99
99,0.0,Thu Jun 14 15:02:37 +0000 2018,1.0,0.0,0.0,@FoxNews,BREAKING NEWS: @NewYorkStateAG sues Trump Foundation. https://t.co/uhbZ86QnPN,100
0,-0.6486,Thu Jun 14 23:47:04 +0000 2018,0.762,0.238,0.0,@nytimes,"An Oakland jogger, who was filmed throwing away a homeless man's belongings, was charged with a felony count of sec‚Ä¶ https://t.co/WJjGVNmZRs",1
1,0.0,Thu Jun 14 23:32:00 +0000 2018,1.0,0.0,0.0,@nytimes,Here's the 2018 election calendar https://t.co/3sjhX76teP,2
2,0.4588,Thu Jun 14 23:17:06 +0000 2018,0.852,0.0,0.148,@nytimes,"RT @nytopinion: If you want to help sway the Trump administration to do the right thing for families coming across the border, here are som‚Ä¶",3
3,0.0,Thu Jun 14 23:02:07 +0000 2018,1.0,0.0,0.0,@nytimes,Evening Briefing: Here's what you need to know at the end of the day https://t.co/uIEwWKsrso,4
4,0.0,Thu Jun 14 22:47:03 +0000 2018,1.0,0.0,0.0,@nytimes,"RT @ksacknyt: I spent a few weeks investigating the business record of the GOP frontrunner for governor in Georgia, Lt. Gov. Casey Cagle. I‚Ä¶",5
5,0.0,Thu Jun 14 22:32:01 +0000 2018,1.0,0.0,0.0,@nytimes,"U.S. Open 2018 live: leaderboard and first round updates
https://t.co/wnjdfwhyFx",6
6,0.0,Thu Jun 14 22:17:04 +0000 2018,1.0,0.0,0.0,@nytimes,She received an anonymous letter asking her to use a dryer or hang her laundry indoors. It backfired spectacularly. https://t.co/juc3x9V6nY,7
7,-0.4767,Thu Jun 14 22:02:03 +0000 2018,0.886,0.114,0.0,@nytimes,RT @NYTimesAtWar: Helmets that were the wrong size and vehicles that partner nations do not have the parts to maintain are just some of the‚Ä¶,8
8,0.6597,Thu Jun 14 21:47:04 +0000 2018,0.779,0.0,0.221,@nytimes,This week's primaries showed just how much the Republican Party has become the party of Trump and that its politici‚Ä¶ https://t.co/YmL7PBRx3o,9
9,0.6908,Thu Jun 14 21:32:01 +0000 2018,0.769,0.0,0.231,@nytimes,A big question hangs over HBO. How will the creative talent behind ‚ÄúThe Sopranos‚Äù and ‚ÄúGame of Thrones‚Äù get along w‚Ä¶ https://t.co/YzfCdgVHtx,10
10,0.0,Thu Jun 14 21:17:02 +0000 2018,1.0,0.0,0.0,@nytimes,RT @lauriegnyt: Focus on the family? Conservative religious leaders who have long preached about the sanctity of the family are speaking ou‚Ä¶,11
11,0.0,Thu Jun 14 21:00:16 +0000 2018,1.0,0.0,0.0,@nytimes,Dads are now at the center of the style universe https://t.co/XHkvTEQsNp,12
12,0.0,Thu Jun 14 20:45:03 +0000 2018,1.0,0.0,0.0,@nytimes,"Wrap, seal and cook https://t.co/FfeBMKh0W3 https://t.co/dP18JuPnFq",13
13,0.5859,Thu Jun 14 20:31:03 +0000 2018,0.78,0.0,0.22,@nytimes,Vladimir Putin saw the World Cup as a chance to showcase his country. Not everyone likes what they see. https://t.co/kbcNCtI4Fy,14
14,0.3076,Thu Jun 14 20:20:08 +0000 2018,0.682,0.132,0.186,@nytimes,"Happy Flag Day! But are you flying it wrong? Can a flag touch the ground? Your questions, answered. https://t.co/cSymHh2wgb",15
15,0.3612,Thu Jun 14 20:05:04 +0000 2018,0.865,0.0,0.135,@nytimes,"Recipes in 19th-century cookbooks relied on measurements like a ""handful"" of rice or a ""goodly amount"" of molasses‚Ä¶ https://t.co/cQoObwmpIz",16
16,0.0,Thu Jun 14 19:55:07 +0000 2018,1.0,0.0,0.0,@nytimes,RT @nytimesbusiness: We reported last year that states were suspending the licenses of people who had defaulted on their student loans ‚Äì ma‚Ä¶,17
17,0.0,Thu Jun 14 19:45:09 +0000 2018,1.0,0.0,0.0,@nytimes,The notes Albert Einstein wrote while traveling through Asia and the Middle East reveal xenophobic views of the peo‚Ä¶ https://t.co/IeqkyX7Sws,18
18,-0.296,Thu Jun 14 19:30:10 +0000 2018,0.854,0.098,0.049,@nytimes,"RT @MichaelPaulson: ‚ÄúI was afraid she‚Äôd use her magic and accidentally freeze my heart.‚Äù The story of a 3-year-old boy, his dad, and Elsa.‚Ä¶",19
19,0.4215,Thu Jun 14 19:20:06 +0000 2018,0.859,0.0,0.141,@nytimes,Leaders of many faiths have spoken out consistently against Trump's immigration policies. What has changed is that‚Ä¶ https://t.co/VQKGdvVrss,20
20,0.4404,Thu Jun 14 19:05:04 +0000 2018,0.854,0.0,0.146,@nytimes,"36 Hours in Seville: Take a tapas tour, learn the basics of flamenco, or relax in thermal baths https://t.co/UGkNJ4D6jG",21
21,-0.3089,Thu Jun 14 18:55:03 +0000 2018,0.861,0.139,0.0,@nytimes,"RT @ginakolata: Mediterranean diet study is retracted and re-analyzed. But not everyone is convinced.
https://t.co/FZPXm8rt9W",22
22,0.6369,Thu Jun 14 18:45:07 +0000 2018,0.776,0.0,0.224,@nytimes,"Ivana Trump returns to the spotlight ‚Ä¶ to promote a diet that promises followers they can ‚Äúeat pasta, cookies and l‚Ä¶ https://t.co/0rJvD4xgED",23
23,0.6369,Thu Jun 14 18:35:06 +0000 2018,0.766,0.0,0.234,@nytimes,"RT @nytimesworld: Mexico and the U.S. are deeply intertwined through migration, culture, language, history, natural resources and ‚Äî yes ‚Äî s‚Ä¶",24
24,0.0,Thu Jun 14 18:25:06 +0000 2018,1.0,0.0,0.0,@nytimes,"""How do I repair my relationship to food in the shadow of a mom who will never change the way she understands weigh‚Ä¶ https://t.co/0beqM3gC2c",25
25,0.5566,Thu Jun 14 18:23:45 +0000 2018,0.759,0.066,0.175,@nytimes,"In Opinion, James Comey writes: 

""I do not agree with all of the inspector general‚Äôs conclusions, but I respect th‚Ä¶ https://t.co/lAyxYOz08G",26
26,0.0,Thu Jun 14 18:15:04 +0000 2018,1.0,0.0,0.0,@nytimes,"RT @nytimesarts: ""I never thought I would talk about it.‚Äô So Florence Welch put it in a song. https://t.co/0wXsCswTXJ",27
27,0.5106,Thu Jun 14 18:05:06 +0000 2018,0.807,0.0,0.193,@nytimes,Why has President Trump‚Äôs charity faced years of legal scrutiny? And what does the New York attorney general‚Äôs laws‚Ä¶ https://t.co/zKaJuRQmQM,28
28,-0.3818,Thu Jun 14 17:55:06 +0000 2018,0.841,0.159,0.0,@nytimes,RT @nytimesbusiness: ‚ÄúIt makes no sense to revoke a professional license from someone who is trying to pay their student loans‚Äù https://t.c‚Ä¶,29
29,0.0,Thu Jun 14 17:45:04 +0000 2018,1.0,0.0,0.0,@nytimes,"Fed chiefs normally use the royal ‚Äúwe,‚Äù or at least put the committee first when summing up their positions. Jerome‚Ä¶ https://t.co/F8havEPSIe",30
30,-0.7906,Thu Jun 14 17:35:02 +0000 2018,0.75,0.25,0.0,@nytimes,RT @nytimesbusiness: A $65 billion bidding war has broken out over Rupert Murdoch's TV businesses. This is what the fuss is all about. http‚Ä¶,31
31,0.1027,Thu Jun 14 17:25:05 +0000 2018,0.645,0.149,0.206,@nytimes,"When one person‚Äôs beliefs sound like hate speech to another, how do you ensure a more civil political debate? https://t.co/pzKEzAGw6A",32
32,0.0,Thu Jun 14 17:16:14 +0000 2018,1.0,0.0,0.0,@nytimes,"RT @NYTMetro: New York's attorney general calls the Trump Foundation ""little more than a checkbook for payments from Mr. Trump or his busin‚Ä¶",33
33,0.0,Thu Jun 14 17:09:19 +0000 2018,1.0,0.0,0.0,@nytimes,"The World Cup opened with a speech by Vladimir Putin and a 5-0 victory by Russia, the host, over Saudi Arabia https://t.co/uCoIguA9Ge",34
34,0.0,Thu Jun 14 17:05:02 +0000 2018,1.0,0.0,0.0,@nytimes,The converted Walmart has become the largest licensed migrant children‚Äôs shelter in the U.S. ‚Äî a warehouse for near‚Ä¶ https://t.co/6TM8rTqYJH,35
35,0.6808,Thu Jun 14 16:52:34 +0000 2018,0.777,0.0,0.223,@nytimes,"Breaking News: James Comey was insubordinate in the Clinton email investigation, but a Justice Department report fo‚Ä¶ https://t.co/s0wmLQbkL0",36
36,0.3182,Thu Jun 14 16:45:05 +0000 2018,0.892,0.0,0.108,@nytimes,"To many immigration judges, Jeff Sessions's hard-line agenda is standing in the way of their ability to deliver jus‚Ä¶ https://t.co/XLpclEk0xR",37
37,0.0,Thu Jun 14 16:35:05 +0000 2018,1.0,0.0,0.0,@nytimes,"RT @nytimesbusiness: Federal Reserve chiefs are known for saying little, and making what they did say as opaque as possible. Jerome Powell‚Ä¶",38
38,0.0,Thu Jun 14 16:20:10 +0000 2018,1.0,0.0,0.0,@nytimes,"Women can wear pants at the Oscars, while graduating from the Naval Academy, and at just about any workplace in Ame‚Ä¶ https://t.co/ou1QUzVhw9",39
39,-0.296,Thu Jun 14 16:05:07 +0000 2018,0.909,0.091,0.0,@nytimes,"This weekend, take a culture crawl in Lower Manhattan or head to Queens to get down on it with Kool &amp; the Gang‚Ä¶ https://t.co/cCLnKulEsO",40
40,-0.4404,Thu Jun 14 15:55:03 +0000 2018,0.879,0.121,0.0,@nytimes,"RT @nytvideo: There are roughly 2,000 American troops in Syria. Recently, a statement went out for direct attacks against them. Who sent it‚Ä¶",41
41,0.0,Thu Jun 14 15:45:03 +0000 2018,1.0,0.0,0.0,@nytimes,"Antarctica is now melting so fast, scientists say, that it will contribute six inches to sea-level rise by 2100 https://t.co/Vk5jZA6gaO",42
42,0.0,Thu Jun 14 15:44:51 +0000 2018,1.0,0.0,0.0,@nytimes,Follow the @NYTSports journalists covering the World Cup: https://t.co/2i5aV2Mbt5,43
43,0.0,Thu Jun 14 15:42:50 +0000 2018,1.0,0.0,0.0,@nytimes,Get all the latest #WorldCup updates from journalists on the ground.,44
44,-0.5859,Thu Jun 14 15:30:10 +0000 2018,0.78,0.22,0.0,@nytimes,Benjamin Carter Hett presents Hitler's rise as an element of the collapse of a republic confronting dilemmas of glo‚Ä¶ https://t.co/fYmnEqjzK6,45
45,-0.2263,Thu Jun 14 15:15:08 +0000 2018,0.888,0.112,0.0,@nytimes,A government earthquake study included a list of potentially vulnerable high-rise buildings in San Francisco. It in‚Ä¶ https://t.co/7Rm1JBS0EW,46
46,0.296,Thu Jun 14 15:07:04 +0000 2018,0.752,0.097,0.15,@nytimes,RT @amyfiscus: The nation's immigration judges are increasingly worried that Jeff Sessions is keeping them from delivering justice https://‚Ä¶,47
47,-0.4215,Thu Jun 14 14:55:40 +0000 2018,0.833,0.167,0.0,@nytimes,"Breaking News: New York is suing the Trump foundation, accusing it of vast lawbreaking. It wants to bar the preside‚Ä¶ https://t.co/Wemz9W8y23",48
48,0.6808,Thu Jun 14 14:53:44 +0000 2018,0.772,0.0,0.228,@nytimes,"Here's your guide to all 32 teams playing in the 2018 World Cup, from first-timer Panama to 4-time winner Germany https://t.co/bVWXVC0rXR",49
49,0.0,Thu Jun 14 14:52:53 +0000 2018,1.0,0.0,0.0,@nytimes,It‚Äôs Russia vs. Saudi Arabia in the first game of the 2018 World Cup. Follow our live coverage for updates and anal‚Ä¶ https://t.co/nk2U5wuOk2,50
50,0.0,Thu Jun 14 14:30:06 +0000 2018,1.0,0.0,0.0,@nytimes,"In 2015, police officers in Austria found the decomposing bodies of 71 migrants who had been locked in a truck. On‚Ä¶ https://t.co/aczKGQMUn6",51
51,0.6908,Thu Jun 14 14:19:03 +0000 2018,0.737,0.0,0.263,@nytimes,"Mike Pompeo insisted that United Nations sanctions would remain in place until North Korea had accomplished ""comple‚Ä¶ https://t.co/IsJQQQHot2",52
52,0.4927,Thu Jun 14 14:11:06 +0000 2018,0.862,0.0,0.138,@nytimes,"""It is the most beneficial international situation for Russia right now since 2013, on the eve of the Olympics,"" sa‚Ä¶ https://t.co/n7BkDXxERg",53
53,-0.5411,Thu Jun 14 14:00:09 +0000 2018,0.857,0.143,0.0,@nytimes,"RT @monicadavey1: 12 minutes to O'hare?! Chicago's Mayor Rahm Emanuel says Elon Musk will change the endless, miserable ride to the airport‚Ä¶",54
54,0.5574,Thu Jun 14 13:46:05 +0000 2018,0.847,0.0,0.153,@nytimes,"In school districts that are mostly rich, white and suburban, boys are much more likely to outperform girls in math‚Ä¶ https://t.co/rQZHE7LEOO",55
55,-0.5106,Thu Jun 14 13:32:01 +0000 2018,0.845,0.155,0.0,@nytimes,Michael Cohen will soon be parting from the lawyers who are representing him in a potentially damaging and wide-ran‚Ä¶ https://t.co/Ghj2Hm0HcN,56
56,-0.8689,Thu Jun 14 13:16:02 +0000 2018,0.62,0.38,0.0,@nytimes,A 19-year-old man has been indicted on charges that he threatened to murder Bernie Sanders and Kamala Harris ‚Äî and‚Ä¶ https://t.co/1EstaDVc72,57
57,0.0,Thu Jun 14 13:00:10 +0000 2018,1.0,0.0,0.0,@nytimes,Morning Briefing: Here's what you need to know to start your day https://t.co/d1IaaDlhiJ https://t.co/25k6a60333,58
58,0.4939,Thu Jun 14 12:46:05 +0000 2018,0.849,0.0,0.151,@nytimes,President Trump portrayed his agreement with Kim Jong-un as a signal achievement that meant that North Korea was no‚Ä¶ https://t.co/TfZBFUuA4k,59
59,0.4215,Thu Jun 14 12:32:01 +0000 2018,0.859,0.0,0.141,@nytimes,"A lawyer said a gatekeeper for Marvel Comics legend Stan Lee is ""a memorabilia collector who inserted himself into‚Ä¶ https://t.co/txtTHS4ltO",60
60,-0.7849,Thu Jun 14 12:15:06 +0000 2018,0.711,0.289,0.0,@nytimes,"""It's never a good look when Pakistan, where people are killed for blasphemy, is speaking approvingly of your laws,‚Ä¶ https://t.co/8wFqvVTIZQ",61
61,-0.0516,Thu Jun 14 12:00:08 +0000 2018,0.691,0.159,0.15,@nytimes,"Your daily @DealBook Briefing:

‚Ä¢ Comcast and Disney are at war. Murdoch wins either way.

‚Ä¢ WeWork wants more mone‚Ä¶ https://t.co/OGbBmFd2rB",62
62,0.0258,Thu Jun 14 11:45:10 +0000 2018,0.773,0.111,0.116,@nytimes,"Stephen Colbert welcomed an odd couple on Wednesday: Michael Avenatti, the lawyer for Stephanie Clifford, and Antho‚Ä¶ https://t.co/I3Avw7iUej",63
63,-0.5574,Thu Jun 14 11:29:02 +0000 2018,0.841,0.159,0.0,@nytimes,"""We learned of how whole families died huddled together in corridors, a mother found with her 6-month-old baby in t‚Ä¶ https://t.co/YODYIoctZF",64
64,0.0,Thu Jun 14 11:21:04 +0000 2018,1.0,0.0,0.0,@nytimes,Morning¬†Briefing: Here's what you need to know to start your day https://t.co/Dlbt6tUhqH https://t.co/xH8Bky2PMX,65
65,0.0,Thu Jun 14 11:00:14 +0000 2018,1.0,0.0,0.0,@nytimes,Stephen Bannon is betting that Bitcoin and other cryptocurrencies can disrupt banking the way President Trump disru‚Ä¶ https://t.co/6EIr2wkySC,66
66,0.3445,Thu Jun 14 10:45:09 +0000 2018,0.709,0.138,0.154,@nytimes,"""We were all kind of worried he might be too tired to do so but thankfully the little guy kept going""‚Ä¶ https://t.co/IlSsWHL0pq",67
67,0.0,Thu Jun 14 10:31:03 +0000 2018,1.0,0.0,0.0,@nytimes,"""We have been basing our policy on the basis that the U.S. is a credible partner,"" said a former Japanese ambassado‚Ä¶ https://t.co/jBNcGCey0p",68
68,0.3612,Thu Jun 14 10:16:01 +0000 2018,0.898,0.0,0.102,@nytimes,"RT @nytimesworld: ‚ÄúStreet and after street, it was like some sort of military operation.‚Äù Laundry was draped outside homes and shops, and e‚Ä¶",69
69,-0.4588,Thu Jun 14 10:01:26 +0000 2018,0.889,0.111,0.0,@nytimes,RT @emmagf: The Taxi of Tomorrow was supposed to become the standard cab in New York City. Now the city has abandoned that idea: https://t.‚Ä¶,70
70,0.0,Thu Jun 14 09:44:02 +0000 2018,1.0,0.0,0.0,@nytimes,"""This may not be a World Cup that changes how the world sees Russia. But it could be a World Cup that changes how R‚Ä¶ https://t.co/1uQLbY5pMy",71
71,-0.2263,Thu Jun 14 09:30:10 +0000 2018,0.924,0.076,0.0,@nytimes,"RT @cmontefiore: Macquarie Street in #Hobart - in a few hours traffic will be stopped, the road dug up, and artist Mike Parr will be buried‚Ä¶",72
72,-0.3182,Thu Jun 14 09:15:10 +0000 2018,0.827,0.173,0.0,@nytimes,ICE came for a Tennessee town‚Äôs immigrants. The town fought back. https://t.co/ExoLeVwxW8 https://t.co/Pkf30KAKxR,73
73,0.3818,Thu Jun 14 09:00:06 +0000 2018,0.852,0.0,0.148,@nytimes,"A UN resolution deplored ""excessive use of force"" by Israel and requested recommendations to protect Palestinians.‚Ä¶ https://t.co/khYcNqL8jh",74
74,0.0,Thu Jun 14 08:45:10 +0000 2018,1.0,0.0,0.0,@nytimes,"RT @nytimesworld: ‚ÄúI have flashbacks every single day, of the smoke, of people running out, of the tower in flames‚Äù: Survivors describe lif‚Ä¶",75
75,0.6777,Thu Jun 14 08:30:07 +0000 2018,0.744,0.058,0.198,@nytimes,"""You will see not only a cool view of the pitch, but also a wonderful view of the city,"" an architect said https://t.co/G7R5MPlMCB",76
76,0.6369,Thu Jun 14 08:16:06 +0000 2018,0.729,0.0,0.271,@nytimes,Switching jobs? Getting away for a while could help you get ready for the next one. https://t.co/YUMBdZvCX8,77
77,0.0,Thu Jun 14 07:55:03 +0000 2018,1.0,0.0,0.0,@nytimes,"For nearly 60 years, it's been his job to wake neighbors for morning prayers and a pre-dawn meal during Ramadan. No‚Ä¶ https://t.co/R5NBbp5I7q",78
78,0.0,Thu Jun 14 07:32:04 +0000 2018,1.0,0.0,0.0,@nytimes,She received an anonymous letter asking her to use a dryer or hang her laundry indoors. It backfired spectacularly. https://t.co/gLsscg7Hhm,79
79,0.3412,Thu Jun 14 07:17:03 +0000 2018,0.901,0.0,0.099,@nytimes,"RT @nytimesworld: Why won't Trump talk to Iranians the way he talked with Kim? Because we don't have nuclear weapons, one Iranian nationali‚Ä¶",80
80,0.0,Thu Jun 14 07:02:04 +0000 2018,1.0,0.0,0.0,@nytimes,Scientists are studying the sounds of this remote population of narwhals in east Greenland to understand how meltin‚Ä¶ https://t.co/WU31N4iuke,81
81,-0.7906,Thu Jun 14 06:41:47 +0000 2018,0.533,0.467,0.0,@nytimes,"A Year on, Pain and Anger Still Linger Over Grenfell https://t.co/bCkPyvaH4N",82
82,0.0,Thu Jun 14 06:32:25 +0000 2018,1.0,0.0,0.0,@nytimes,Next in Irish Voters‚Äô Cross Hairs? A Law Banning Blasphemy https://t.co/nye4bnRnlO,83
83,-0.5719,Thu Jun 14 06:23:27 +0000 2018,0.711,0.209,0.081,@nytimes,"Human cells resist gene editing by turning on defenses against cancer, ceasing reproduction and sometimes dying https://t.co/dFYgjzp3mh",84
84,-0.0356,Thu Jun 14 06:06:47 +0000 2018,0.824,0.091,0.085,@nytimes,"One of the oldest and mightiest trees in Africa collapsed in 2016. It wasn't an isolated event: Across Africa, the‚Ä¶ https://t.co/WLbWlXYsvd",85
85,-0.5106,Thu Jun 14 05:49:55 +0000 2018,0.82,0.18,0.0,@nytimes,Banksy submitted an artwork anonymously to one of Britain's leading art shows ‚Äì and was rejected https://t.co/TogmyfE2NH,86
86,0.2023,Thu Jun 14 05:33:00 +0000 2018,0.913,0.0,0.087,@nytimes,"RT @nytimesworld: Mike Pompeo said he expected ‚Äúmajor disarmament‚Äù in North Korea within two and a half years, representing significant hea‚Ä¶",87
87,-0.6908,Thu Jun 14 05:11:03 +0000 2018,0.569,0.317,0.114,@nytimes,The disgraced organizer of the Fyre Festival is accused of running a ticket-selling scam while he was out on bail https://t.co/uysgLSoOEh,88
88,0.0,Thu Jun 14 04:41:05 +0000 2018,1.0,0.0,0.0,@nytimes,"RT @nytimesbusiness: Goldman Sachs will jump into the social impact investing world, using a billionaire investor‚Äôs metrics, to build a new‚Ä¶",89
89,0.0,Thu Jun 14 04:21:03 +0000 2018,1.0,0.0,0.0,@nytimes,"Misty Copeland, the trailblazing principal dancer with the American Ballet Theater, reviews 2 new books on the subj‚Ä¶ https://t.co/XFoeIsg5IQ",90
90,0.0,Thu Jun 14 04:10:20 +0000 2018,1.0,0.0,0.0,@nytimes,"Chicago Says Elon Musk‚Äôs Company Will Build Tunnels, Electric Cars, to Go to O‚ÄôHare https://t.co/7kXLfosjlG",91
91,0.296,Thu Jun 14 04:02:04 +0000 2018,0.699,0.118,0.183,@nytimes,Bitcoin skyrocketed last year. A new paper attributes much of the gain to price manipulation. https://t.co/OL36lb7cEO,92
92,0.8074,Thu Jun 14 03:47:07 +0000 2018,0.722,0.0,0.278,@nytimes,"Anthony Bourdain ""thought of himself as a guest, and was fascinated and genuinely in love with the idea of food as‚Ä¶ https://t.co/CKQbJNzAmI",93
93,0.5267,Thu Jun 14 03:32:01 +0000 2018,0.704,0.085,0.211,@nytimes,"In much of the U.S., the stereotype that boys do better than girls at math isn‚Äôt true. But there‚Äôs a notable except‚Ä¶ https://t.co/aHLfhl4Hrr",94
94,-0.296,Thu Jun 14 03:17:02 +0000 2018,0.885,0.115,0.0,@nytimes,Isotopic fingerprints in Aztec turquoise suggests there was no extensive trade in the stone between Mesoamerica and‚Ä¶ https://t.co/eKdHdFeRiC,95
95,-0.6249,Thu Jun 14 03:02:02 +0000 2018,0.823,0.177,0.0,@nytimes,NYC Mayor Bill de Blasio started the city's worst landlords list when he was public advocate. A federal report reve‚Ä¶ https://t.co/cMo0lCDhKf,96
96,0.0258,Thu Jun 14 02:47:02 +0000 2018,0.945,0.0,0.055,@nytimes,Does the Mediterranean diet prevent heart disease? A big study found it did. Now the investigators concede it was f‚Ä¶ https://t.co/hnt6AY6auI,97
97,-0.0516,Thu Jun 14 02:32:01 +0000 2018,0.798,0.106,0.096,@nytimes,A raccoon climbed to the top of a 25-story office tower in St. Paul. An anxious world watched. https://t.co/1fSzmRt0Tk,98
98,0.4215,Thu Jun 14 02:17:04 +0000 2018,0.859,0.0,0.141,@nytimes,"A Martian dust storm that has blanketed a quarter of the planet thrust NASA's Opportunity rover into a ‚Äúdark, perpe‚Ä¶ https://t.co/khS2J9lYQx",99
99,-0.3818,Thu Jun 14 02:02:03 +0000 2018,0.885,0.115,0.0,@nytimes,Antarctica is melting faster than before. The rate at which the continent is losing ice has more than doubled since‚Ä¶ https://t.co/HOUf1KhM8Z,100
